"filename", "language", "Docker", "Go Module File", "Python", "YAML", "Properties", "Go Work File", "MS SQL", "Go", "Makefile", "Markdown", "Ignore", "Go Checksum File", "JavaScript", "JSON", "Dotenv", "HTML", "TypeScript", "vue", "JSON with Comments", "XML", "PostCSS", "Shell Script", "comment", "blank", "total"
"/home/MictDev/Projects/Capacitaciones-mh/.dockerignore", "Ignore", 0, 0, 0, 0, 0, 0, 0, 0, 0, 0, 11, 0, 0, 0, 0, 0, 0, 0, 0, 0, 0, 0, 0, 4, 15
"/home/MictDev/Projects/Capacitaciones-mh/.env", "Dotenv", 0, 0, 0, 0, 0, 0, 0, 0, 0, 0, 0, 0, 0, 0, 9, 0, 0, 0, 0, 0, 0, 0, 1, 2, 12
"/home/MictDev/Projects/Capacitaciones-mh/.github/workflows/ci.yml", "YAML", 0, 0, 0, 52, 0, 0, 0, 0, 0, 0, 0, 0, 0, 0, 0, 0, 0, 0, 0, 0, 0, 0, 9, 13, 74
"/home/MictDev/Projects/Capacitaciones-mh/Dockerfile", "Docker", 25, 0, 0, 0, 0, 0, 0, 0, 0, 0, 0, 0, 0, 0, 0, 0, 0, 0, 0, 0, 0, 0, 5, 12, 42
"/home/MictDev/Projects/Capacitaciones-mh/MIGRACION-RESEND.md", "Markdown", 0, 0, 0, 0, 0, 0, 0, 0, 0, 92, 0, 0, 0, 0, 0, 0, 0, 0, 0, 0, 0, 0, 0, 37, 129
"/home/MictDev/Projects/Capacitaciones-mh/Makefile", "Makefile", 0, 0, 0, 0, 0, 0, 0, 0, 71, 0, 0, 0, 0, 0, 0, 0, 0, 0, 0, 0, 0, 0, 42, 18, 131
"/home/MictDev/Projects/Capacitaciones-mh/buf.gen.yaml", "YAML", 0, 0, 0, 10, 0, 0, 0, 0, 0, 0, 0, 0, 0, 0, 0, 0, 0, 0, 0, 0, 0, 0, 0, 1, 11
"/home/MictDev/Projects/Capacitaciones-mh/buf.yaml", "YAML", 0, 0, 0, 9, 0, 0, 0, 0, 0, 0, 0, 0, 0, 0, 0, 0, 0, 0, 0, 0, 0, 0, 0, 1, 10
"/home/MictDev/Projects/Capacitaciones-mh/docker-compose.yml", "YAML", 0, 0, 0, 293, 0, 0, 0, 0, 0, 0, 0, 0, 0, 0, 0, 0, 0, 0, 0, 0, 0, 0, 105, 25, 423
"/home/MictDev/Projects/Capacitaciones-mh/fix_encoding.py", "Python", 0, 0, 28, 0, 0, 0, 0, 0, 0, 0, 0, 0, 0, 0, 0, 0, 0, 0, 0, 0, 0, 0, 0, 4, 32
"/home/MictDev/Projects/Capacitaciones-mh/frontend/.oxlintrc.json", "JSON", 0, 0, 0, 0, 0, 0, 0, 0, 0, 0, 0, 0, 0, 10, 0, 0, 0, 0, 0, 0, 0, 0, 0, 1, 11
"/home/MictDev/Projects/Capacitaciones-mh/frontend/Dockerfile", "Docker", 11, 0, 0, 0, 0, 0, 0, 0, 0, 0, 0, 0, 0, 0, 0, 0, 0, 0, 0, 0, 0, 0, 2, 2, 15
"/home/MictDev/Projects/Capacitaciones-mh/frontend/RESPONSIVE.md", "Markdown", 0, 0, 0, 0, 0, 0, 0, 0, 0, 151, 0, 0, 0, 0, 0, 0, 0, 0, 0, 0, 0, 0, 0, 27, 178
"/home/MictDev/Projects/Capacitaciones-mh/frontend/env.d.ts", "TypeScript", 0, 0, 0, 0, 0, 0, 0, 0, 0, 0, 0, 0, 0, 0, 0, 0, 0, 0, 0, 0, 0, 0, 1, 1, 2
"/home/MictDev/Projects/Capacitaciones-mh/frontend/eslint.config.ts", "TypeScript", 0, 0, 0, 0, 0, 0, 0, 0, 0, 0, 0, 0, 0, 0, 0, 0, 21, 0, 0, 0, 0, 0, 2, 6, 29
"/home/MictDev/Projects/Capacitaciones-mh/frontend/index.html", "HTML", 0, 0, 0, 0, 0, 0, 0, 0, 0, 0, 0, 0, 0, 0, 0, 16, 0, 0, 0, 0, 0, 0, 0, 1, 17
"/home/MictDev/Projects/Capacitaciones-mh/frontend/nginx.conf", "Properties", 0, 0, 0, 0, 44, 0, 0, 0, 0, 0, 0, 0, 0, 0, 0, 0, 0, 0, 0, 0, 0, 0, 5, 10, 59
"/home/MictDev/Projects/Capacitaciones-mh/frontend/package-lock.json", "JSON", 0, 0, 0, 0, 0, 0, 0, 0, 0, 0, 0, 0, 0, 7895, 0, 0, 0, 0, 0, 0, 0, 0, 0, 1, 7896
"/home/MictDev/Projects/Capacitaciones-mh/frontend/package.json", "JSON", 0, 0, 0, 0, 0, 0, 0, 0, 0, 0, 0, 0, 0, 61, 0, 0, 0, 0, 0, 0, 0, 0, 0, 1, 62
"/home/MictDev/Projects/Capacitaciones-mh/frontend/postcss.config.js", "JavaScript", 0, 0, 0, 0, 0, 0, 0, 0, 0, 0, 0, 0, 6, 0, 0, 0, 0, 0, 0, 0, 0, 0, 0, 1, 7
"/home/MictDev/Projects/Capacitaciones-mh/frontend/src/App.vue", "vue", 0, 0, 0, 0, 0, 0, 0, 0, 0, 0, 0, 0, 0, 0, 0, 0, 0, 39, 0, 0, 0, 0, 2, 5, 46
"/home/MictDev/Projects/Capacitaciones-mh/frontend/src/api.ts", "TypeScript", 0, 0, 0, 0, 0, 0, 0, 0, 0, 0, 0, 0, 0, 0, 0, 0, 17, 0, 0, 0, 0, 0, 0, 4, 21
"/home/MictDev/Projects/Capacitaciones-mh/frontend/src/assets/base.css", "PostCSS", 0, 0, 0, 0, 0, 0, 0, 0, 0, 0, 0, 0, 0, 0, 0, 0, 0, 0, 0, 0, 82, 0, 0, 17, 99
"/home/MictDev/Projects/Capacitaciones-mh/frontend/src/assets/logo.svg", "XML", 0, 0, 0, 0, 0, 0, 0, 0, 0, 0, 0, 0, 0, 0, 0, 0, 0, 0, 0, 1, 0, 0, 0, 1, 2
"/home/MictDev/Projects/Capacitaciones-mh/frontend/src/assets/main.css", "PostCSS", 0, 0, 0, 0, 0, 0, 0, 0, 0, 0, 0, 0, 0, 0, 0, 0, 0, 0, 0, 0, 935, 0, 150, 97, 1182
"/home/MictDev/Projects/Capacitaciones-mh/frontend/src/components/AppSidebar.vue", "vue", 0, 0, 0, 0, 0, 0, 0, 0, 0, 0, 0, 0, 0, 0, 0, 0, 0, 208, 0, 0, 0, 0, 0, 29, 237
"/home/MictDev/Projects/Capacitaciones-mh/frontend/src/components/CameraCapture.vue", "vue", 0, 0, 0, 0, 0, 0, 0, 0, 0, 0, 0, 0, 0, 0, 0, 0, 0, 245, 0, 0, 0, 0, 4, 35, 284
"/home/MictDev/Projects/Capacitaciones-mh/frontend/src/components/CartDrawer.vue", "vue", 0, 0, 0, 0, 0, 0, 0, 0, 0, 0, 0, 0, 0, 0, 0, 0, 0, 479, 0, 0, 0, 0, 13, 52, 544
"/home/MictDev/Projects/Capacitaciones-mh/frontend/src/components/ContentTypeSelector.vue", "vue", 0, 0, 0, 0, 0, 0, 0, 0, 0, 0, 0, 0, 0, 0, 0, 0, 0, 186, 0, 0, 0, 0, 0, 5, 191
"/home/MictDev/Projects/Capacitaciones-mh/frontend/src/components/CourseCard.vue", "vue", 0, 0, 0, 0, 0, 0, 0, 0, 0, 0, 0, 0, 0, 0, 0, 0, 0, 127, 0, 0, 0, 0, 0, 19, 146
"/home/MictDev/Projects/Capacitaciones-mh/frontend/src/components/CourseEditorDrawer.vue", "vue", 0, 0, 0, 0, 0, 0, 0, 0, 0, 0, 0, 0, 0, 0, 0, 0, 0, 287, 0, 0, 0, 0, 17, 32, 336
"/home/MictDev/Projects/Capacitaciones-mh/frontend/src/components/CourseSidebar.vue", "vue", 0, 0, 0, 0, 0, 0, 0, 0, 0, 0, 0, 0, 0, 0, 0, 0, 0, 324, 0, 0, 0, 0, 6, 30, 360
"/home/MictDev/Projects/Capacitaciones-mh/frontend/src/components/CourseTreeEditor.vue", "vue", 0, 0, 0, 0, 0, 0, 0, 0, 0, 0, 0, 0, 0, 0, 0, 0, 0, 1172, 0, 0, 0, 0, 18, 129, 1319
"/home/MictDev/Projects/Capacitaciones-mh/frontend/src/components/CourseWizardModal.vue", "vue", 0, 0, 0, 0, 0, 0, 0, 0, 0, 0, 0, 0, 0, 0, 0, 0, 0, 255, 0, 0, 0, 0, 0, 21, 276
"/home/MictDev/Projects/Capacitaciones-mh/frontend/src/components/CreateGroupModal.vue", "vue", 0, 0, 0, 0, 0, 0, 0, 0, 0, 0, 0, 0, 0, 0, 0, 0, 0, 199, 0, 0, 0, 0, 1, 21, 221
"/home/MictDev/Projects/Capacitaciones-mh/frontend/src/components/DC3EmpresaInstructor.vue", "vue", 0, 0, 0, 0, 0, 0, 0, 0, 0, 0, 0, 0, 0, 0, 0, 0, 0, 236, 0, 0, 0, 0, 11, 33, 280
"/home/MictDev/Projects/Capacitaciones-mh/frontend/src/components/DC3Modal.vue", "vue", 0, 0, 0, 0, 0, 0, 0, 0, 0, 0, 0, 0, 0, 0, 0, 0, 0, 121, 0, 0, 0, 0, 9, 16, 146
"/home/MictDev/Projects/Capacitaciones-mh/frontend/src/components/DC3Panel.test.ts", "TypeScript", 0, 0, 0, 0, 0, 0, 0, 0, 0, 0, 0, 0, 0, 0, 0, 0, 73, 0, 0, 0, 0, 0, 24, 20, 117
"/home/MictDev/Projects/Capacitaciones-mh/frontend/src/components/DC3Panel.vue", "vue", 0, 0, 0, 0, 0, 0, 0, 0, 0, 0, 0, 0, 0, 0, 0, 0, 0, 490, 0, 0, 0, 0, 41, 50, 581
"/home/MictDev/Projects/Capacitaciones-mh/frontend/src/components/DashboardCharts.vue", "vue", 0, 0, 0, 0, 0, 0, 0, 0, 0, 0, 0, 0, 0, 0, 0, 0, 0, 183, 0, 0, 0, 0, 0, 15, 198
"/home/MictDev/Projects/Capacitaciones-mh/frontend/src/components/DragDropUpload.vue", "vue", 0, 0, 0, 0, 0, 0, 0, 0, 0, 0, 0, 0, 0, 0, 0, 0, 0, 265, 0, 0, 0, 0, 0, 40, 305
"/home/MictDev/Projects/Capacitaciones-mh/frontend/src/components/EmptyState.vue", "vue", 0, 0, 0, 0, 0, 0, 0, 0, 0, 0, 0, 0, 0, 0, 0, 0, 0, 52, 0, 0, 0, 0, 0, 4, 56
"/home/MictDev/Projects/Capacitaciones-mh/frontend/src/components/GameConfigEditor.vue", "vue", 0, 0, 0, 0, 0, 0, 0, 0, 0, 0, 0, 0, 0, 0, 0, 0, 0, 610, 0, 0, 0, 0, 10, 52, 672
"/home/MictDev/Projects/Capacitaciones-mh/frontend/src/components/GradientPicker.vue", "vue", 0, 0, 0, 0, 0, 0, 0, 0, 0, 0, 0, 0, 0, 0, 0, 0, 0, 86, 0, 0, 0, 0, 0, 7, 93
"/home/MictDev/Projects/Capacitaciones-mh/frontend/src/components/HelloWorld.vue", "vue", 0, 0, 0, 0, 0, 0, 0, 0, 0, 0, 0, 0, 0, 0, 0, 0, 0, 36, 0, 0, 0, 0, 0, 6, 42
"/home/MictDev/Projects/Capacitaciones-mh/frontend/src/components/InteractiveActivity.vue", "vue", 0, 0, 0, 0, 0, 0, 0, 0, 0, 0, 0, 0, 0, 0, 0, 0, 0, 1862, 0, 0, 0, 0, 39, 116, 2017
"/home/MictDev/Projects/Capacitaciones-mh/frontend/src/components/LlamadaTimbrando.vue", "vue", 0, 0, 0, 0, 0, 0, 0, 0, 0, 0, 0, 0, 0, 0, 0, 0, 0, 210, 0, 0, 0, 0, 0, 25, 235
"/home/MictDev/Projects/Capacitaciones-mh/frontend/src/components/NotificationBell.vue", "vue", 0, 0, 0, 0, 0, 0, 0, 0, 0, 0, 0, 0, 0, 0, 0, 0, 0, 349, 0, 0, 0, 0, 5, 55, 409
"/home/MictDev/Projects/Capacitaciones-mh/frontend/src/components/SearchUserModal.vue", "vue", 0, 0, 0, 0, 0, 0, 0, 0, 0, 0, 0, 0, 0, 0, 0, 0, 0, 132, 0, 0, 0, 0, 0, 17, 149
"/home/MictDev/Projects/Capacitaciones-mh/frontend/src/components/TheWelcome.vue", "vue", 0, 0, 0, 0, 0, 0, 0, 0, 0, 0, 0, 0, 0, 0, 0, 0, 0, 82, 0, 0, 0, 0, 0, 14, 96
"/home/MictDev/Projects/Capacitaciones-mh/frontend/src/components/VideoCallModal.vue", "vue", 0, 0, 0, 0, 0, 0, 0, 0, 0, 0, 0, 0, 0, 0, 0, 0, 0, 197, 0, 0, 0, 0, 0, 21, 218
"/home/MictDev/Projects/Capacitaciones-mh/frontend/src/components/VideoPlayer.vue", "vue", 0, 0, 0, 0, 0, 0, 0, 0, 0, 0, 0, 0, 0, 0, 0, 0, 0, 353, 0, 0, 0, 0, 10, 29, 392
"/home/MictDev/Projects/Capacitaciones-mh/frontend/src/components/WelcomeItem.vue", "vue", 0, 0, 0, 0, 0, 0, 0, 0, 0, 0, 0, 0, 0, 0, 0, 0, 0, 76, 0, 0, 0, 0, 0, 11, 87
"/home/MictDev/Projects/Capacitaciones-mh/frontend/src/components/icons/IconCommunity.vue", "vue", 0, 0, 0, 0, 0, 0, 0, 0, 0, 0, 0, 0, 0, 0, 0, 0, 0, 7, 0, 0, 0, 0, 0, 1, 8
"/home/MictDev/Projects/Capacitaciones-mh/frontend/src/components/icons/IconDocumentation.vue", "vue", 0, 0, 0, 0, 0, 0, 0, 0, 0, 0, 0, 0, 0, 0, 0, 0, 0, 7, 0, 0, 0, 0, 0, 1, 8
"/home/MictDev/Projects/Capacitaciones-mh/frontend/src/components/icons/IconEcosystem.vue", "vue", 0, 0, 0, 0, 0, 0, 0, 0, 0, 0, 0, 0, 0, 0, 0, 0, 0, 7, 0, 0, 0, 0, 0, 1, 8
"/home/MictDev/Projects/Capacitaciones-mh/frontend/src/components/icons/IconSupport.vue", "vue", 0, 0, 0, 0, 0, 0, 0, 0, 0, 0, 0, 0, 0, 0, 0, 0, 0, 7, 0, 0, 0, 0, 0, 1, 8
"/home/MictDev/Projects/Capacitaciones-mh/frontend/src/components/icons/IconTooling.vue", "vue", 0, 0, 0, 0, 0, 0, 0, 0, 0, 0, 0, 0, 0, 0, 0, 0, 0, 18, 0, 0, 0, 0, 0, 1, 19
"/home/MictDev/Projects/Capacitaciones-mh/frontend/src/components/store/CourseCarousel.vue", "vue", 0, 0, 0, 0, 0, 0, 0, 0, 0, 0, 0, 0, 0, 0, 0, 0, 0, 392, 0, 0, 0, 0, 7, 51, 450
"/home/MictDev/Projects/Capacitaciones-mh/frontend/src/components/store/CourseTile.vue", "vue", 0, 0, 0, 0, 0, 0, 0, 0, 0, 0, 0, 0, 0, 0, 0, 0, 0, 350, 0, 0, 0, 0, 1, 38, 389
"/home/MictDev/Projects/Capacitaciones-mh/frontend/src/composables/escena.test.ts", "TypeScript", 0, 0, 0, 0, 0, 0, 0, 0, 0, 0, 0, 0, 0, 0, 0, 0, 133, 0, 0, 0, 0, 0, 8, 20, 161
"/home/MictDev/Projects/Capacitaciones-mh/frontend/src/composables/escena.ts", "TypeScript", 0, 0, 0, 0, 0, 0, 0, 0, 0, 0, 0, 0, 0, 0, 0, 0, 116, 0, 0, 0, 0, 0, 39, 21, 176
"/home/MictDev/Projects/Capacitaciones-mh/frontend/src/composables/notificaciones.test.ts", "TypeScript", 0, 0, 0, 0, 0, 0, 0, 0, 0, 0, 0, 0, 0, 0, 0, 0, 89, 0, 0, 0, 0, 0, 12, 17, 118
"/home/MictDev/Projects/Capacitaciones-mh/frontend/src/composables/notificaciones.ts", "TypeScript", 0, 0, 0, 0, 0, 0, 0, 0, 0, 0, 0, 0, 0, 0, 0, 0, 39, 0, 0, 0, 0, 0, 42, 12, 93
"/home/MictDev/Projects/Capacitaciones-mh/frontend/src/composables/progresion.test.ts", "TypeScript", 0, 0, 0, 0, 0, 0, 0, 0, 0, 0, 0, 0, 0, 0, 0, 0, 147, 0, 0, 0, 0, 0, 9, 22, 178
"/home/MictDev/Projects/Capacitaciones-mh/frontend/src/composables/progresion.ts", "TypeScript", 0, 0, 0, 0, 0, 0, 0, 0, 0, 0, 0, 0, 0, 0, 0, 0, 90, 0, 0, 0, 0, 0, 49, 13, 152
"/home/MictDev/Projects/Capacitaciones-mh/frontend/src/composables/useLlamadas.test.ts", "TypeScript", 0, 0, 0, 0, 0, 0, 0, 0, 0, 0, 0, 0, 0, 0, 0, 0, 170, 0, 0, 0, 0, 0, 4, 28, 202
"/home/MictDev/Projects/Capacitaciones-mh/frontend/src/composables/useLlamadas.ts", "TypeScript", 0, 0, 0, 0, 0, 0, 0, 0, 0, 0, 0, 0, 0, 0, 0, 0, 156, 0, 0, 0, 0, 0, 38, 29, 223
"/home/MictDev/Projects/Capacitaciones-mh/frontend/src/composables/useReveal.test.ts", "TypeScript", 0, 0, 0, 0, 0, 0, 0, 0, 0, 0, 0, 0, 0, 0, 0, 0, 84, 0, 0, 0, 0, 0, 9, 18, 111
"/home/MictDev/Projects/Capacitaciones-mh/frontend/src/composables/useReveal.ts", "TypeScript", 0, 0, 0, 0, 0, 0, 0, 0, 0, 0, 0, 0, 0, 0, 0, 0, 107, 0, 0, 0, 0, 0, 36, 25, 168
"/home/MictDev/Projects/Capacitaciones-mh/frontend/src/composables/useScrollLock.test.ts", "TypeScript", 0, 0, 0, 0, 0, 0, 0, 0, 0, 0, 0, 0, 0, 0, 0, 0, 75, 0, 0, 0, 0, 0, 30, 20, 125
"/home/MictDev/Projects/Capacitaciones-mh/frontend/src/composables/useScrollLock.ts", "TypeScript", 0, 0, 0, 0, 0, 0, 0, 0, 0, 0, 0, 0, 0, 0, 0, 0, 16, 0, 0, 0, 0, 0, 13, 6, 35
"/home/MictDev/Projects/Capacitaciones-mh/frontend/src/composables/useTheme.ts", "TypeScript", 0, 0, 0, 0, 0, 0, 0, 0, 0, 0, 0, 0, 0, 0, 0, 0, 47, 0, 0, 0, 0, 0, 13, 8, 68
"/home/MictDev/Projects/Capacitaciones-mh/frontend/src/main.ts", "TypeScript", 0, 0, 0, 0, 0, 0, 0, 0, 0, 0, 0, 0, 0, 0, 0, 0, 33, 0, 0, 0, 0, 0, 3, 9, 45
"/home/MictDev/Projects/Capacitaciones-mh/frontend/src/router/index.ts", "TypeScript", 0, 0, 0, 0, 0, 0, 0, 0, 0, 0, 0, 0, 0, 0, 0, 0, 102, 0, 0, 0, 0, 0, 21, 7, 130
"/home/MictDev/Projects/Capacitaciones-mh/frontend/src/stores/auth.test.ts", "TypeScript", 0, 0, 0, 0, 0, 0, 0, 0, 0, 0, 0, 0, 0, 0, 0, 0, 152, 0, 0, 0, 0, 0, 6, 40, 198
"/home/MictDev/Projects/Capacitaciones-mh/frontend/src/stores/auth.ts", "TypeScript", 0, 0, 0, 0, 0, 0, 0, 0, 0, 0, 0, 0, 0, 0, 0, 0, 98, 0, 0, 0, 0, 0, 15, 12, 125
"/home/MictDev/Projects/Capacitaciones-mh/frontend/src/stores/cart.test.ts", "TypeScript", 0, 0, 0, 0, 0, 0, 0, 0, 0, 0, 0, 0, 0, 0, 0, 0, 136, 0, 0, 0, 0, 0, 12, 47, 195
"/home/MictDev/Projects/Capacitaciones-mh/frontend/src/stores/cart.ts", "TypeScript", 0, 0, 0, 0, 0, 0, 0, 0, 0, 0, 0, 0, 0, 0, 0, 0, 120, 0, 0, 0, 0, 0, 37, 21, 178
"/home/MictDev/Projects/Capacitaciones-mh/frontend/src/stores/counter.ts", "TypeScript", 0, 0, 0, 0, 0, 0, 0, 0, 0, 0, 0, 0, 0, 0, 0, 0, 10, 0, 0, 0, 0, 0, 0, 3, 13
"/home/MictDev/Projects/Capacitaciones-mh/frontend/src/stores/dc3.ts", "TypeScript", 0, 0, 0, 0, 0, 0, 0, 0, 0, 0, 0, 0, 0, 0, 0, 0, 17, 0, 0, 0, 0, 0, 18, 5, 40
"/home/MictDev/Projects/Capacitaciones-mh/frontend/src/stores/suscripcion.test.ts", "TypeScript", 0, 0, 0, 0, 0, 0, 0, 0, 0, 0, 0, 0, 0, 0, 0, 0, 110, 0, 0, 0, 0, 0, 4, 23, 137
"/home/MictDev/Projects/Capacitaciones-mh/frontend/src/stores/suscripcion.ts", "TypeScript", 0, 0, 0, 0, 0, 0, 0, 0, 0, 0, 0, 0, 0, 0, 0, 0, 110, 0, 0, 0, 0, 0, 15, 14, 139
"/home/MictDev/Projects/Capacitaciones-mh/frontend/src/utils/avatars.ts", "TypeScript", 0, 0, 0, 0, 0, 0, 0, 0, 0, 0, 0, 0, 0, 0, 0, 0, 235, 0, 0, 0, 0, 0, 10, 6, 251
"/home/MictDev/Projects/Capacitaciones-mh/frontend/src/utils/dc3.test.ts", "TypeScript", 0, 0, 0, 0, 0, 0, 0, 0, 0, 0, 0, 0, 0, 0, 0, 0, 71, 0, 0, 0, 0, 0, 20, 12, 103
"/home/MictDev/Projects/Capacitaciones-mh/frontend/src/utils/dc3.ts", "TypeScript", 0, 0, 0, 0, 0, 0, 0, 0, 0, 0, 0, 0, 0, 0, 0, 0, 74, 0, 0, 0, 0, 0, 55, 9, 138
"/home/MictDev/Projects/Capacitaciones-mh/frontend/src/utils/recaptcha.ts", "TypeScript", 0, 0, 0, 0, 0, 0, 0, 0, 0, 0, 0, 0, 0, 0, 0, 0, 27, 0, 0, 0, 0, 0, 0, 4, 31
"/home/MictDev/Projects/Capacitaciones-mh/frontend/src/utils/toast.ts", "TypeScript", 0, 0, 0, 0, 0, 0, 0, 0, 0, 0, 0, 0, 0, 0, 0, 0, 133, 0, 0, 0, 0, 0, 0, 8, 141
"/home/MictDev/Projects/Capacitaciones-mh/frontend/src/utils/upload.ts", "TypeScript", 0, 0, 0, 0, 0, 0, 0, 0, 0, 0, 0, 0, 0, 0, 0, 0, 16, 0, 0, 0, 0, 0, 5, 5, 26
"/home/MictDev/Projects/Capacitaciones-mh/frontend/src/views/AboutView.vue", "vue", 0, 0, 0, 0, 0, 0, 0, 0, 0, 0, 0, 0, 0, 0, 0, 0, 0, 14, 0, 0, 0, 0, 0, 2, 16
"/home/MictDev/Projects/Capacitaciones-mh/frontend/src/views/CheckoutSuccessView.vue", "vue", 0, 0, 0, 0, 0, 0, 0, 0, 0, 0, 0, 0, 0, 0, 0, 0, 0, 233, 0, 0, 0, 0, 5, 29, 267
"/home/MictDev/Projects/Capacitaciones-mh/frontend/src/views/CursoPublicView.vue", "vue", 0, 0, 0, 0, 0, 0, 0, 0, 0, 0, 0, 0, 0, 0, 0, 0, 0, 1125, 0, 0, 0, 0, 21, 146, 1292
"/home/MictDev/Projects/Capacitaciones-mh/frontend/src/views/HomeView.vue", "vue", 0, 0, 0, 0, 0, 0, 0, 0, 0, 0, 0, 0, 0, 0, 0, 0, 0, 8, 0, 0, 0, 0, 0, 2, 10
"/home/MictDev/Projects/Capacitaciones-mh/frontend/src/views/LoginView.vue", "vue", 0, 0, 0, 0, 0, 0, 0, 0, 0, 0, 0, 0, 0, 0, 0, 0, 0, 522, 0, 0, 0, 0, 0, 42, 564
"/home/MictDev/Projects/Capacitaciones-mh/frontend/src/views/ResetPasswordView.vue", "vue", 0, 0, 0, 0, 0, 0, 0, 0, 0, 0, 0, 0, 0, 0, 0, 0, 0, 233, 0, 0, 0, 0, 6, 24, 263
"/home/MictDev/Projects/Capacitaciones-mh/frontend/src/views/UnirseView.vue", "vue", 0, 0, 0, 0, 0, 0, 0, 0, 0, 0, 0, 0, 0, 0, 0, 0, 0, 143, 0, 0, 0, 0, 0, 15, 158
"/home/MictDev/Projects/Capacitaciones-mh/frontend/src/views/VerifyEmailView.vue", "vue", 0, 0, 0, 0, 0, 0, 0, 0, 0, 0, 0, 0, 0, 0, 0, 0, 0, 319, 0, 0, 0, 0, 5, 35, 359
"/home/MictDev/Projects/Capacitaciones-mh/frontend/src/views/admin/AdminDashboard.vue", "vue", 0, 0, 0, 0, 0, 0, 0, 0, 0, 0, 0, 0, 0, 0, 0, 0, 0, 209, 0, 0, 0, 0, 0, 21, 230
"/home/MictDev/Projects/Capacitaciones-mh/frontend/src/views/admin/AdminLayout.vue", "vue", 0, 0, 0, 0, 0, 0, 0, 0, 0, 0, 0, 0, 0, 0, 0, 0, 0, 136, 0, 0, 0, 0, 3, 11, 150
"/home/MictDev/Projects/Capacitaciones-mh/frontend/src/views/admin/CapacitacionesView.vue", "vue", 0, 0, 0, 0, 0, 0, 0, 0, 0, 0, 0, 0, 0, 0, 0, 0, 0, 599, 0, 0, 0, 0, 0, 52, 651
"/home/MictDev/Projects/Capacitaciones-mh/frontend/src/views/admin/ExamenesView.vue", "vue", 0, 0, 0, 0, 0, 0, 0, 0, 0, 0, 0, 0, 0, 0, 0, 0, 0, 292, 0, 0, 0, 0, 0, 29, 321
"/home/MictDev/Projects/Capacitaciones-mh/frontend/src/views/admin/UsuariosView.vue", "vue", 0, 0, 0, 0, 0, 0, 0, 0, 0, 0, 0, 0, 0, 0, 0, 0, 0, 286, 0, 0, 0, 0, 0, 29, 315
"/home/MictDev/Projects/Capacitaciones-mh/frontend/src/views/instructor/CapacitacionesInstructor.vue", "vue", 0, 0, 0, 0, 0, 0, 0, 0, 0, 0, 0, 0, 0, 0, 0, 0, 0, 622, 0, 0, 0, 0, 1, 73, 696
"/home/MictDev/Projects/Capacitaciones-mh/frontend/src/views/instructor/EntregasView.vue", "vue", 0, 0, 0, 0, 0, 0, 0, 0, 0, 0, 0, 0, 0, 0, 0, 0, 0, 473, 0, 0, 0, 0, 3, 62, 538
"/home/MictDev/Projects/Capacitaciones-mh/frontend/src/views/instructor/EstudiantesView.vue", "vue", 0, 0, 0, 0, 0, 0, 0, 0, 0, 0, 0, 0, 0, 0, 0, 0, 0, 280, 0, 0, 0, 0, 0, 19, 299
"/home/MictDev/Projects/Capacitaciones-mh/frontend/src/views/instructor/ExamenesInstructor.vue", "vue", 0, 0, 0, 0, 0, 0, 0, 0, 0, 0, 0, 0, 0, 0, 0, 0, 0, 714, 0, 0, 0, 0, 1, 65, 780
"/home/MictDev/Projects/Capacitaciones-mh/frontend/src/views/instructor/InstructorDashboard.vue", "vue", 0, 0, 0, 0, 0, 0, 0, 0, 0, 0, 0, 0, 0, 0, 0, 0, 0, 214, 0, 0, 0, 0, 0, 22, 236
"/home/MictDev/Projects/Capacitaciones-mh/frontend/src/views/instructor/InstructorLayout.vue", "vue", 0, 0, 0, 0, 0, 0, 0, 0, 0, 0, 0, 0, 0, 0, 0, 0, 0, 148, 0, 0, 0, 0, 3, 11, 162
"/home/MictDev/Projects/Capacitaciones-mh/frontend/src/views/instructor/InstructorPerfilView.vue", "vue", 0, 0, 0, 0, 0, 0, 0, 0, 0, 0, 0, 0, 0, 0, 0, 0, 0, 257, 0, 0, 0, 0, 5, 21, 283
"/home/MictDev/Projects/Capacitaciones-mh/frontend/src/views/shared/ComoFuncionaView.vue", "vue", 0, 0, 0, 0, 0, 0, 0, 0, 0, 0, 0, 0, 0, 0, 0, 0, 0, 746, 0, 0, 0, 0, 12, 104, 862
"/home/MictDev/Projects/Capacitaciones-mh/frontend/src/views/shared/MensajesView.vue", "vue", 0, 0, 0, 0, 0, 0, 0, 0, 0, 0, 0, 0, 0, 0, 0, 0, 0, 1169, 0, 0, 0, 0, 30, 105, 1304
"/home/MictDev/Projects/Capacitaciones-mh/frontend/src/views/shared/PlanesView.vue", "vue", 0, 0, 0, 0, 0, 0, 0, 0, 0, 0, 0, 0, 0, 0, 0, 0, 0, 476, 0, 0, 0, 0, 3, 36, 515
"/home/MictDev/Projects/Capacitaciones-mh/frontend/src/views/shared/PublicProfileView.vue", "vue", 0, 0, 0, 0, 0, 0, 0, 0, 0, 0, 0, 0, 0, 0, 0, 0, 0, 299, 0, 0, 0, 0, 0, 38, 337
"/home/MictDev/Projects/Capacitaciones-mh/frontend/src/views/shared/StoreView.vue", "vue", 0, 0, 0, 0, 0, 0, 0, 0, 0, 0, 0, 0, 0, 0, 0, 0, 0, 1581, 0, 0, 0, 0, 25, 221, 1827
"/home/MictDev/Projects/Capacitaciones-mh/frontend/src/views/shared/VerificarConstancia.vue", "vue", 0, 0, 0, 0, 0, 0, 0, 0, 0, 0, 0, 0, 0, 0, 0, 0, 0, 239, 0, 0, 0, 0, 7, 34, 280
"/home/MictDev/Projects/Capacitaciones-mh/frontend/src/views/user/DashboardView.vue", "vue", 0, 0, 0, 0, 0, 0, 0, 0, 0, 0, 0, 0, 0, 0, 0, 0, 0, 487, 0, 0, 0, 0, 4, 38, 529
"/home/MictDev/Projects/Capacitaciones-mh/frontend/src/views/user/ExamenFormView.vue", "vue", 0, 0, 0, 0, 0, 0, 0, 0, 0, 0, 0, 0, 0, 0, 0, 0, 0, 482, 0, 0, 0, 0, 11, 29, 522
"/home/MictDev/Projects/Capacitaciones-mh/frontend/src/views/user/MisCapacitaciones.vue", "vue", 0, 0, 0, 0, 0, 0, 0, 0, 0, 0, 0, 0, 0, 0, 0, 0, 0, 1021, 0, 0, 0, 0, 2, 96, 1119
"/home/MictDev/Projects/Capacitaciones-mh/frontend/src/views/user/MisConstancias.vue", "vue", 0, 0, 0, 0, 0, 0, 0, 0, 0, 0, 0, 0, 0, 0, 0, 0, 0, 173, 0, 0, 0, 0, 1, 24, 198
"/home/MictDev/Projects/Capacitaciones-mh/frontend/src/views/user/MisExamenes.vue", "vue", 0, 0, 0, 0, 0, 0, 0, 0, 0, 0, 0, 0, 0, 0, 0, 0, 0, 410, 0, 0, 0, 0, 12, 37, 459
"/home/MictDev/Projects/Capacitaciones-mh/frontend/src/views/user/MisLicencias.vue", "vue", 0, 0, 0, 0, 0, 0, 0, 0, 0, 0, 0, 0, 0, 0, 0, 0, 0, 963, 0, 0, 0, 0, 10, 141, 1114
"/home/MictDev/Projects/Capacitaciones-mh/frontend/src/views/user/PerfilView.vue", "vue", 0, 0, 0, 0, 0, 0, 0, 0, 0, 0, 0, 0, 0, 0, 0, 0, 0, 454, 0, 0, 0, 0, 8, 37, 499
"/home/MictDev/Projects/Capacitaciones-mh/frontend/src/views/user/ResponderExamen.vue", "vue", 0, 0, 0, 0, 0, 0, 0, 0, 0, 0, 0, 0, 0, 0, 0, 0, 0, 216, 0, 0, 0, 0, 6, 20, 242
"/home/MictDev/Projects/Capacitaciones-mh/frontend/src/views/user/UserLayout.vue", "vue", 0, 0, 0, 0, 0, 0, 0, 0, 0, 0, 0, 0, 0, 0, 0, 0, 0, 228, 0, 0, 0, 0, 9, 17, 254
"/home/MictDev/Projects/Capacitaciones-mh/frontend/src/views/user/VerCapacitacion.vue", "vue", 0, 0, 0, 0, 0, 0, 0, 0, 0, 0, 0, 0, 0, 0, 0, 0, 0, 4472, 0, 0, 0, 0, 61, 541, 5074
"/home/MictDev/Projects/Capacitaciones-mh/frontend/tailwind.config.js", "JavaScript", 0, 0, 0, 0, 0, 0, 0, 0, 0, 0, 0, 0, 25, 0, 0, 0, 0, 0, 0, 0, 0, 0, 23, 1, 49
"/home/MictDev/Projects/Capacitaciones-mh/frontend/tsconfig.app.json", "JSON", 0, 0, 0, 0, 0, 0, 0, 0, 0, 0, 0, 0, 0, 12, 0, 0, 0, 0, 0, 0, 0, 0, 0, 2, 14
"/home/MictDev/Projects/Capacitaciones-mh/frontend/tsconfig.json", "JSON with Comments", 0, 0, 0, 0, 0, 0, 0, 0, 0, 0, 0, 0, 0, 0, 0, 0, 0, 0, 11, 0, 0, 0, 0, 1, 12
"/home/MictDev/Projects/Capacitaciones-mh/frontend/tsconfig.node.json", "JSON", 0, 0, 0, 0, 0, 0, 0, 0, 0, 0, 0, 0, 0, 17, 0, 0, 0, 0, 0, 0, 0, 0, 0, 3, 20
"/home/MictDev/Projects/Capacitaciones-mh/frontend/vite.config.ts", "TypeScript", 0, 0, 0, 0, 0, 0, 0, 0, 0, 0, 0, 0, 0, 0, 0, 0, 27, 0, 0, 0, 0, 0, 0, 2, 29
"/home/MictDev/Projects/Capacitaciones-mh/gateway/Dockerfile", "Docker", 29, 0, 0, 0, 0, 0, 0, 0, 0, 0, 0, 0, 0, 0, 0, 0, 0, 0, 0, 0, 0, 0, 11, 16, 56
"/home/MictDev/Projects/Capacitaciones-mh/gateway/cmd/server/main.go", "Go", 0, 0, 0, 0, 0, 0, 0, 94, 0, 0, 0, 0, 0, 0, 0, 0, 0, 0, 0, 0, 0, 0, 14, 18, 126
"/home/MictDev/Projects/Capacitaciones-mh/gateway/go.mod", "Go Module File", 0, 62, 0, 0, 0, 0, 0, 0, 0, 0, 0, 0, 0, 0, 0, 0, 0, 0, 0, 0, 0, 0, 0, 7, 69
"/home/MictDev/Projects/Capacitaciones-mh/gateway/go.sum", "Go Checksum File", 0, 0, 0, 0, 0, 0, 0, 0, 0, 0, 0, 153, 0, 0, 0, 0, 0, 0, 0, 0, 0, 0, 0, 1, 154
"/home/MictDev/Projects/Capacitaciones-mh/gateway/internal/clients/clients.go", "Go", 0, 0, 0, 0, 0, 0, 0, 53, 0, 0, 0, 0, 0, 0, 0, 0, 0, 0, 0, 0, 0, 0, 7, 8, 68
"/home/MictDev/Projects/Capacitaciones-mh/gateway/internal/config/config.go", "Go", 0, 0, 0, 0, 0, 0, 0, 148, 0, 0, 0, 0, 0, 0, 0, 0, 0, 0, 0, 0, 0, 0, 35, 28, 211
"/home/MictDev/Projects/Capacitaciones-mh/gateway/internal/handler/auth.go", "Go", 0, 0, 0, 0, 0, 0, 0, 209, 0, 0, 0, 0, 0, 0, 0, 0, 0, 0, 0, 0, 0, 0, 21, 29, 259
"/home/MictDev/Projects/Capacitaciones-mh/gateway/internal/handler/compras.go", "Go", 0, 0, 0, 0, 0, 0, 0, 338, 0, 0, 0, 0, 0, 0, 0, 0, 0, 0, 0, 0, 0, 0, 80, 60, 478
"/home/MictDev/Projects/Capacitaciones-mh/gateway/internal/handler/cursos.go", "Go", 0, 0, 0, 0, 0, 0, 0, 1029, 0, 0, 0, 0, 0, 0, 0, 0, 0, 0, 0, 0, 0, 0, 158, 96, 1283
"/home/MictDev/Projects/Capacitaciones-mh/gateway/internal/handler/dc3.go", "Go", 0, 0, 0, 0, 0, 0, 0, 334, 0, 0, 0, 0, 0, 0, 0, 0, 0, 0, 0, 0, 0, 0, 166, 46, 546
"/home/MictDev/Projects/Capacitaciones-mh/gateway/internal/handler/diagnostic.go", "Go", 0, 0, 0, 0, 0, 0, 0, 87, 0, 0, 0, 0, 0, 0, 0, 0, 0, 0, 0, 0, 0, 0, 23, 11, 121
"/home/MictDev/Projects/Capacitaciones-mh/gateway/internal/handler/examenes.go", "Go", 0, 0, 0, 0, 0, 0, 0, 322, 0, 0, 0, 0, 0, 0, 0, 0, 0, 0, 0, 0, 0, 0, 13, 34, 369
"/home/MictDev/Projects/Capacitaciones-mh/gateway/internal/handler/foros.go", "Go", 0, 0, 0, 0, 0, 0, 0, 188, 0, 0, 0, 0, 0, 0, 0, 0, 0, 0, 0, 0, 0, 0, 19, 22, 229
"/home/MictDev/Projects/Capacitaciones-mh/gateway/internal/handler/lecciones.go", "Go", 0, 0, 0, 0, 0, 0, 0, 696, 0, 0, 0, 0, 0, 0, 0, 0, 0, 0, 0, 0, 0, 0, 62, 52, 810
"/home/MictDev/Projects/Capacitaciones-mh/gateway/internal/handler/llamadas.go", "Go", 0, 0, 0, 0, 0, 0, 0, 176, 0, 0, 0, 0, 0, 0, 0, 0, 0, 0, 0, 0, 0, 0, 56, 27, 259
"/home/MictDev/Projects/Capacitaciones-mh/gateway/internal/handler/mensajes.go", "Go", 0, 0, 0, 0, 0, 0, 0, 321, 0, 0, 0, 0, 0, 0, 0, 0, 0, 0, 0, 0, 0, 0, 31, 43, 395
"/home/MictDev/Projects/Capacitaciones-mh/gateway/internal/handler/notificar.go", "Go", 0, 0, 0, 0, 0, 0, 0, 73, 0, 0, 0, 0, 0, 0, 0, 0, 0, 0, 0, 0, 0, 0, 38, 12, 123
"/home/MictDev/Projects/Capacitaciones-mh/gateway/internal/handler/presign.go", "Go", 0, 0, 0, 0, 0, 0, 0, 60, 0, 0, 0, 0, 0, 0, 0, 0, 0, 0, 0, 0, 0, 0, 7, 14, 81
"/home/MictDev/Projects/Capacitaciones-mh/gateway/internal/handler/suscripciones.go", "Go", 0, 0, 0, 0, 0, 0, 0, 264, 0, 0, 0, 0, 0, 0, 0, 0, 0, 0, 0, 0, 0, 0, 49, 29, 342
"/home/MictDev/Projects/Capacitaciones-mh/gateway/internal/handler/usuarios.go", "Go", 0, 0, 0, 0, 0, 0, 0, 211, 0, 0, 0, 0, 0, 0, 0, 0, 0, 0, 0, 0, 0, 0, 18, 21, 250
"/home/MictDev/Projects/Capacitaciones-mh/gateway/internal/handler/ws.go", "Go", 0, 0, 0, 0, 0, 0, 0, 145, 0, 0, 0, 0, 0, 0, 0, 0, 0, 0, 0, 0, 0, 0, 22, 22, 189
"/home/MictDev/Projects/Capacitaciones-mh/gateway/internal/hub/hub.go", "Go", 0, 0, 0, 0, 0, 0, 0, 84, 0, 0, 0, 0, 0, 0, 0, 0, 0, 0, 0, 0, 0, 0, 14, 13, 111
"/home/MictDev/Projects/Capacitaciones-mh/gateway/internal/hub/llamadas.go", "Go", 0, 0, 0, 0, 0, 0, 0, 376, 0, 0, 0, 0, 0, 0, 0, 0, 0, 0, 0, 0, 0, 0, 102, 47, 525
"/home/MictDev/Projects/Capacitaciones-mh/gateway/internal/hub/llamadas_test.go", "Go", 0, 0, 0, 0, 0, 0, 0, 368, 0, 0, 0, 0, 0, 0, 0, 0, 0, 0, 0, 0, 0, 0, 19, 66, 453
"/home/MictDev/Projects/Capacitaciones-mh/gateway/internal/middleware/auth.go", "Go", 0, 0, 0, 0, 0, 0, 0, 151, 0, 0, 0, 0, 0, 0, 0, 0, 0, 0, 0, 0, 0, 0, 12, 19, 182
"/home/MictDev/Projects/Capacitaciones-mh/gateway/internal/middleware/ratelimit.go", "Go", 0, 0, 0, 0, 0, 0, 0, 72, 0, 0, 0, 0, 0, 0, 0, 0, 0, 0, 0, 0, 0, 0, 6, 13, 91
"/home/MictDev/Projects/Capacitaciones-mh/gateway/internal/pdf/gotenberg.go", "Go", 0, 0, 0, 0, 0, 0, 0, 68, 0, 0, 0, 0, 0, 0, 0, 0, 0, 0, 0, 0, 0, 0, 47, 13, 128
"/home/MictDev/Projects/Capacitaciones-mh/gateway/internal/router/router.go", "Go", 0, 0, 0, 0, 0, 0, 0, 222, 0, 0, 0, 0, 0, 0, 0, 0, 0, 0, 0, 0, 0, 0, 55, 49, 326
"/home/MictDev/Projects/Capacitaciones-mh/gateway/internal/storage/r2.go", "Go", 0, 0, 0, 0, 0, 0, 0, 159, 0, 0, 0, 0, 0, 0, 0, 0, 0, 0, 0, 0, 0, 0, 20, 21, 200
"/home/MictDev/Projects/Capacitaciones-mh/gen/auth/auth.pb.go", "Go", 0, 0, 0, 0, 0, 0, 0, 776, 0, 0, 0, 0, 0, 0, 0, 0, 0, 0, 0, 0, 0, 0, 23, 123, 922
"/home/MictDev/Projects/Capacitaciones-mh/gen/auth/auth_grpc.pb.go", "Go", 0, 0, 0, 0, 0, 0, 0, 365, 0, 0, 0, 0, 0, 0, 0, 0, 0, 0, 0, 0, 0, 0, 65, 32, 462
"/home/MictDev/Projects/Capacitaciones-mh/gen/cursos/cursos.pb.go", "Go", 0, 0, 0, 0, 0, 0, 0, 5040, 0, 0, 0, 0, 0, 0, 0, 0, 0, 0, 0, 0, 0, 0, 169, 753, 5962
"/home/MictDev/Projects/Capacitaciones-mh/gen/cursos/cursos_grpc.pb.go", "Go", 0, 0, 0, 0, 0, 0, 0, 2129, 0, 0, 0, 0, 0, 0, 0, 0, 0, 0, 0, 0, 0, 0, 99, 130, 2358
"/home/MictDev/Projects/Capacitaciones-mh/gen/examenes/examenes.pb.go", "Go", 0, 0, 0, 0, 0, 0, 0, 1220, 0, 0, 0, 0, 0, 0, 0, 0, 0, 0, 0, 0, 0, 0, 27, 190, 1437
"/home/MictDev/Projects/Capacitaciones-mh/gen/examenes/examenes_grpc.pb.go", "Go", 0, 0, 0, 0, 0, 0, 0, 437, 0, 0, 0, 0, 0, 0, 0, 0, 0, 0, 0, 0, 0, 0, 43, 36, 516
"/home/MictDev/Projects/Capacitaciones-mh/gen/foros/foros.pb.go", "Go", 0, 0, 0, 0, 0, 0, 0, 947, 0, 0, 0, 0, 0, 0, 0, 0, 0, 0, 0, 0, 0, 0, 33, 146, 1126
"/home/MictDev/Projects/Capacitaciones-mh/gen/foros/foros_grpc.pb.go", "Go", 0, 0, 0, 0, 0, 0, 0, 293, 0, 0, 0, 0, 0, 0, 0, 0, 0, 0, 0, 0, 0, 0, 39, 28, 360
"/home/MictDev/Projects/Capacitaciones-mh/gen/go.mod", "Go Module File", 0, 12, 0, 0, 0, 0, 0, 0, 0, 0, 0, 0, 0, 0, 0, 0, 0, 0, 0, 0, 0, 0, 2, 5, 19
"/home/MictDev/Projects/Capacitaciones-mh/gen/go.sum", "Go Checksum File", 0, 0, 0, 0, 0, 0, 0, 0, 0, 0, 0, 32, 0, 0, 0, 0, 0, 0, 0, 0, 0, 0, 0, 1, 33
"/home/MictDev/Projects/Capacitaciones-mh/gen/lecciones/lecciones.pb.go", "Go", 0, 0, 0, 0, 0, 0, 0, 3231, 0, 0, 0, 0, 0, 0, 0, 0, 0, 0, 0, 0, 0, 0, 72, 483, 3786
"/home/MictDev/Projects/Capacitaciones-mh/gen/lecciones/lecciones_grpc.pb.go", "Go", 0, 0, 0, 0, 0, 0, 0, 1085, 0, 0, 0, 0, 0, 0, 0, 0, 0, 0, 0, 0, 0, 0, 65, 72, 1222
"/home/MictDev/Projects/Capacitaciones-mh/gen/mensajes/mensajes.pb.go", "Go", 0, 0, 0, 0, 0, 0, 0, 1187, 0, 0, 0, 0, 0, 0, 0, 0, 0, 0, 0, 0, 0, 0, 27, 188, 1402
"/home/MictDev/Projects/Capacitaciones-mh/gen/mensajes/mensajes_grpc.pb.go", "Go", 0, 0, 0, 0, 0, 0, 0, 437, 0, 0, 0, 0, 0, 0, 0, 0, 0, 0, 0, 0, 0, 0, 31, 36, 504
"/home/MictDev/Projects/Capacitaciones-mh/gen/usuarios/usuarios.pb.go", "Go", 0, 0, 0, 0, 0, 0, 0, 1320, 0, 0, 0, 0, 0, 0, 0, 0, 0, 0, 0, 0, 0, 0, 39, 203, 1562
"/home/MictDev/Projects/Capacitaciones-mh/gen/usuarios/usuarios_grpc.pb.go", "Go", 0, 0, 0, 0, 0, 0, 0, 545, 0, 0, 0, 0, 0, 0, 0, 0, 0, 0, 0, 0, 0, 0, 69, 42, 656
"/home/MictDev/Projects/Capacitaciones-mh/go.mod", "Go Module File", 0, 66, 0, 0, 0, 0, 0, 0, 0, 0, 0, 0, 0, 0, 0, 0, 0, 0, 0, 0, 0, 0, 0, 5, 71
"/home/MictDev/Projects/Capacitaciones-mh/go.sum", "Go Checksum File", 0, 0, 0, 0, 0, 0, 0, 0, 0, 0, 0, 161, 0, 0, 0, 0, 0, 0, 0, 0, 0, 0, 0, 1, 162
"/home/MictDev/Projects/Capacitaciones-mh/go.work", "Go Work File", 0, 0, 0, 0, 0, 16, 0, 0, 0, 0, 0, 0, 0, 0, 0, 0, 0, 0, 0, 0, 0, 0, 2, 2, 20
"/home/MictDev/Projects/Capacitaciones-mh/gotenberg/Dockerfile", "Docker", 16, 0, 0, 0, 0, 0, 0, 0, 0, 0, 0, 0, 0, 0, 0, 0, 0, 0, 0, 0, 0, 0, 44, 6, 66
"/home/MictDev/Projects/Capacitaciones-mh/gotenberg/fonts-dc3.conf", "Properties", 0, 0, 0, 0, 30, 0, 0, 0, 0, 0, 0, 0, 0, 0, 0, 0, 0, 0, 0, 0, 0, 0, 0, 6, 36
"/home/MictDev/Projects/Capacitaciones-mh/internal/cache/cache.go", "Go", 0, 0, 0, 0, 0, 0, 0, 11, 0, 0, 0, 0, 0, 0, 0, 0, 0, 0, 0, 0, 0, 0, 3, 5, 19
"/home/MictDev/Projects/Capacitaciones-mh/internal/config/config.go", "Go", 0, 0, 0, 0, 0, 0, 0, 97, 0, 0, 0, 0, 0, 0, 0, 0, 0, 0, 0, 0, 0, 0, 35, 30, 162
"/home/MictDev/Projects/Capacitaciones-mh/internal/db/db.go", "Go", 0, 0, 0, 0, 0, 0, 0, 42, 0, 0, 0, 0, 0, 0, 0, 0, 0, 0, 0, 0, 0, 0, 5, 10, 57
"/home/MictDev/Projects/Capacitaciones-mh/internal/db/schema.go", "Go", 0, 0, 0, 0, 0, 0, 0, 335, 0, 0, 0, 0, 0, 0, 0, 0, 0, 0, 0, 0, 0, 0, 0, 48, 383
"/home/MictDev/Projects/Capacitaciones-mh/internal/handlers/auth.go", "Go", 0, 0, 0, 0, 0, 0, 0, 186, 0, 0, 0, 0, 0, 0, 0, 0, 0, 0, 0, 0, 0, 0, 10, 27, 223
"/home/MictDev/Projects/Capacitaciones-mh/internal/handlers/capacitaciones.go", "Go", 0, 0, 0, 0, 0, 0, 0, 225, 0, 0, 0, 0, 0, 0, 0, 0, 0, 0, 0, 0, 0, 0, 0, 17, 242
"/home/MictDev/Projects/Capacitaciones-mh/internal/handlers/email.go", "Go", 0, 0, 0, 0, 0, 0, 0, 68, 0, 0, 0, 0, 0, 0, 0, 0, 0, 0, 0, 0, 0, 0, 10, 16, 94
"/home/MictDev/Projects/Capacitaciones-mh/internal/handlers/examenes.go", "Go", 0, 0, 0, 0, 0, 0, 0, 458, 0, 0, 0, 0, 0, 0, 0, 0, 0, 0, 0, 0, 0, 0, 1, 43, 502
"/home/MictDev/Projects/Capacitaciones-mh/internal/handlers/foros.go", "Go", 0, 0, 0, 0, 0, 0, 0, 383, 0, 0, 0, 0, 0, 0, 0, 0, 0, 0, 0, 0, 0, 0, 4, 52, 439
"/home/MictDev/Projects/Capacitaciones-mh/internal/handlers/helpers.go", "Go", 0, 0, 0, 0, 0, 0, 0, 17, 0, 0, 0, 0, 0, 0, 0, 0, 0, 0, 0, 0, 0, 0, 0, 4, 21
"/home/MictDev/Projects/Capacitaciones-mh/internal/handlers/instructor.go", "Go", 0, 0, 0, 0, 0, 0, 0, 544, 0, 0, 0, 0, 0, 0, 0, 0, 0, 0, 0, 0, 0, 0, 2, 51, 597
"/home/MictDev/Projects/Capacitaciones-mh/internal/handlers/intermedias.go", "Go", 0, 0, 0, 0, 0, 0, 0, 190, 0, 0, 0, 0, 0, 0, 0, 0, 0, 0, 0, 0, 0, 0, 0, 33, 223
"/home/MictDev/Projects/Capacitaciones-mh/internal/handlers/lecciones.go", "Go", 0, 0, 0, 0, 0, 0, 0, 241, 0, 0, 0, 0, 0, 0, 0, 0, 0, 0, 0, 0, 0, 0, 1, 34, 276
"/home/MictDev/Projects/Capacitaciones-mh/internal/handlers/migrate.go", "Go", 0, 0, 0, 0, 0, 0, 0, 122, 0, 0, 0, 0, 0, 0, 0, 0, 0, 0, 0, 0, 0, 0, 9, 22, 153
"/home/MictDev/Projects/Capacitaciones-mh/internal/handlers/notificaciones.go", "Go", 0, 0, 0, 0, 0, 0, 0, 88, 0, 0, 0, 0, 0, 0, 0, 0, 0, 0, 0, 0, 0, 0, 2, 15, 105
"/home/MictDev/Projects/Capacitaciones-mh/internal/handlers/perfil.go", "Go", 0, 0, 0, 0, 0, 0, 0, 158, 0, 0, 0, 0, 0, 0, 0, 0, 0, 0, 0, 0, 0, 0, 6, 19, 183
"/home/MictDev/Projects/Capacitaciones-mh/internal/handlers/presign.go", "Go", 0, 0, 0, 0, 0, 0, 0, 62, 0, 0, 0, 0, 0, 0, 0, 0, 0, 0, 0, 0, 0, 0, 5, 11, 78
"/home/MictDev/Projects/Capacitaciones-mh/internal/handlers/recaptcha.go", "Go", 0, 0, 0, 0, 0, 0, 0, 43, 0, 0, 0, 0, 0, 0, 0, 0, 0, 0, 0, 0, 0, 0, 0, 6, 49
"/home/MictDev/Projects/Capacitaciones-mh/internal/handlers/scoring.go", "Go", 0, 0, 0, 0, 0, 0, 0, 26, 0, 0, 0, 0, 0, 0, 0, 0, 0, 0, 0, 0, 0, 0, 5, 4, 35
"/home/MictDev/Projects/Capacitaciones-mh/internal/handlers/scoring_test.go", "Go", 0, 0, 0, 0, 0, 0, 0, 74, 0, 0, 0, 0, 0, 0, 0, 0, 0, 0, 0, 0, 0, 0, 2, 7, 83
"/home/MictDev/Projects/Capacitaciones-mh/internal/handlers/usuarios.go", "Go", 0, 0, 0, 0, 0, 0, 0, 105, 0, 0, 0, 0, 0, 0, 0, 0, 0, 0, 0, 0, 0, 0, 2, 14, 121
"/home/MictDev/Projects/Capacitaciones-mh/internal/handlers/validation.go", "Go", 0, 0, 0, 0, 0, 0, 0, 68, 0, 0, 0, 0, 0, 0, 0, 0, 0, 0, 0, 0, 0, 0, 6, 7, 81
"/home/MictDev/Projects/Capacitaciones-mh/internal/middleware/auth.go", "Go", 0, 0, 0, 0, 0, 0, 0, 79, 0, 0, 0, 0, 0, 0, 0, 0, 0, 0, 0, 0, 0, 0, 6, 16, 101
"/home/MictDev/Projects/Capacitaciones-mh/internal/middleware/auth_test.go", "Go", 0, 0, 0, 0, 0, 0, 0, 115, 0, 0, 0, 0, 0, 0, 0, 0, 0, 0, 0, 0, 0, 0, 6, 25, 146
"/home/MictDev/Projects/Capacitaciones-mh/internal/middleware/ratelimit.go", "Go", 0, 0, 0, 0, 0, 0, 0, 81, 0, 0, 0, 0, 0, 0, 0, 0, 0, 0, 0, 0, 0, 0, 2, 10, 93
"/home/MictDev/Projects/Capacitaciones-mh/internal/models/models.go", "Go", 0, 0, 0, 0, 0, 0, 0, 137, 0, 0, 0, 0, 0, 0, 0, 0, 0, 0, 0, 0, 0, 0, 0, 16, 153
"/home/MictDev/Projects/Capacitaciones-mh/internal/repository/user.go", "Go", 0, 0, 0, 0, 0, 0, 0, 64, 0, 0, 0, 0, 0, 0, 0, 0, 0, 0, 0, 0, 0, 0, 16, 13, 93
"/home/MictDev/Projects/Capacitaciones-mh/internal/sanitize/sanitize.go", "Go", 0, 0, 0, 0, 0, 0, 0, 10, 0, 0, 0, 0, 0, 0, 0, 0, 0, 0, 0, 0, 0, 0, 10, 6, 26
"/home/MictDev/Projects/Capacitaciones-mh/internal/service/auth_service.go", "Go", 0, 0, 0, 0, 0, 0, 0, 86, 0, 0, 0, 0, 0, 0, 0, 0, 0, 0, 0, 0, 0, 0, 26, 23, 135
"/home/MictDev/Projects/Capacitaciones-mh/internal/storage/r2.go", "Go", 0, 0, 0, 0, 0, 0, 0, 226, 0, 0, 0, 0, 0, 0, 0, 0, 0, 0, 0, 0, 0, 0, 27, 35, 288
"/home/MictDev/Projects/Capacitaciones-mh/main.go", "Go", 0, 0, 0, 0, 0, 0, 0, 211, 0, 0, 0, 0, 0, 0, 0, 0, 0, 0, 0, 0, 0, 0, 23, 42, 276
"/home/MictDev/Projects/Capacitaciones-mh/migrations/001_retirar_videollamadas.sql", "MS SQL", 0, 0, 0, 0, 0, 0, 10, 0, 0, 0, 0, 0, 0, 0, 0, 0, 0, 0, 0, 0, 0, 0, 34, 8, 52
"/home/MictDev/Projects/Capacitaciones-mh/migrations/001_retirar_videollamadas_railway.sql", "MS SQL", 0, 0, 0, 0, 0, 0, 53, 0, 0, 0, 0, 0, 0, 0, 0, 0, 0, 0, 0, 0, 0, 0, 51, 24, 128
"/home/MictDev/Projects/Capacitaciones-mh/migrations/002_pagos_y_suscripciones.sql", "MS SQL", 0, 0, 0, 0, 0, 0, 155, 0, 0, 0, 0, 0, 0, 0, 0, 0, 0, 0, 0, 0, 0, 0, 84, 49, 288
"/home/MictDev/Projects/Capacitaciones-mh/migrations/conciliacion.sql", "MS SQL", 0, 0, 0, 0, 0, 0, 83, 0, 0, 0, 0, 0, 0, 0, 0, 0, 0, 0, 0, 0, 0, 0, 61, 15, 159
"/home/MictDev/Projects/Capacitaciones-mh/pkg/dc3/dc3.go", "Go", 0, 0, 0, 0, 0, 0, 0, 210, 0, 0, 0, 0, 0, 0, 0, 0, 0, 0, 0, 0, 0, 0, 109, 36, 355
"/home/MictDev/Projects/Capacitaciones-mh/pkg/dc3/dc3_test.go", "Go", 0, 0, 0, 0, 0, 0, 0, 197, 0, 0, 0, 0, 0, 0, 0, 0, 0, 0, 0, 0, 0, 0, 38, 25, 260
"/home/MictDev/Projects/Capacitaciones-mh/pkg/dc3/go.mod", "Go Module File", 0, 4, 0, 0, 0, 0, 0, 0, 0, 0, 0, 0, 0, 0, 0, 0, 0, 0, 0, 0, 0, 0, 0, 4, 8
"/home/MictDev/Projects/Capacitaciones-mh/pkg/dc3/go.sum", "Go Checksum File", 0, 0, 0, 0, 0, 0, 0, 0, 0, 0, 0, 11, 0, 0, 0, 0, 0, 0, 0, 0, 0, 0, 0, 1, 12
"/home/MictDev/Projects/Capacitaciones-mh/pkg/mailer/go.mod", "Go Module File", 0, 2, 0, 0, 0, 0, 0, 0, 0, 0, 0, 0, 0, 0, 0, 0, 0, 0, 0, 0, 0, 0, 0, 2, 4
"/home/MictDev/Projects/Capacitaciones-mh/pkg/mailer/mailer.go", "Go", 0, 0, 0, 0, 0, 0, 0, 141, 0, 0, 0, 0, 0, 0, 0, 0, 0, 0, 0, 0, 0, 0, 33, 24, 198
"/home/MictDev/Projects/Capacitaciones-mh/pkg/mailer/mailer_test.go", "Go", 0, 0, 0, 0, 0, 0, 0, 135, 0, 0, 0, 0, 0, 0, 0, 0, 0, 0, 0, 0, 0, 0, 0, 17, 152
"/home/MictDev/Projects/Capacitaciones-mh/pkg/mailer/templates.go", "Go", 0, 0, 0, 0, 0, 0, 0, 335, 0, 0, 0, 0, 0, 0, 0, 0, 0, 0, 0, 0, 0, 0, 67, 57, 459
"/home/MictDev/Projects/Capacitaciones-mh/pkg/money/go.mod", "Go Module File", 0, 2, 0, 0, 0, 0, 0, 0, 0, 0, 0, 0, 0, 0, 0, 0, 0, 0, 0, 0, 0, 0, 0, 2, 4
"/home/MictDev/Projects/Capacitaciones-mh/pkg/money/money.go", "Go", 0, 0, 0, 0, 0, 0, 0, 123, 0, 0, 0, 0, 0, 0, 0, 0, 0, 0, 0, 0, 0, 0, 56, 28, 207
"/home/MictDev/Projects/Capacitaciones-mh/pkg/money/money_test.go", "Go", 0, 0, 0, 0, 0, 0, 0, 145, 0, 0, 0, 0, 0, 0, 0, 0, 0, 0, 0, 0, 0, 0, 10, 17, 172
"/home/MictDev/Projects/Capacitaciones-mh/respaldo_videollamadas.sql", "MS SQL", 0, 0, 0, 0, 0, 0, 83, 0, 0, 0, 0, 0, 0, 0, 0, 0, 0, 0, 0, 0, 0, 0, 38, 41, 162
"/home/MictDev/Projects/Capacitaciones-mh/scratch/check_db.go", "Go", 0, 0, 0, 0, 0, 0, 0, 27, 0, 0, 0, 0, 0, 0, 0, 0, 0, 0, 0, 0, 0, 0, 0, 5, 32
"/home/MictDev/Projects/Capacitaciones-mh/scratch/package-lock.json", "JSON", 0, 0, 0, 0, 0, 0, 0, 0, 0, 0, 0, 0, 0, 162, 0, 0, 0, 0, 0, 0, 0, 0, 0, 1, 163
"/home/MictDev/Projects/Capacitaciones-mh/scratch/package.json", "JSON", 0, 0, 0, 0, 0, 0, 0, 0, 0, 0, 0, 0, 0, 16, 0, 0, 0, 0, 0, 0, 0, 0, 0, 1, 17
"/home/MictDev/Projects/Capacitaciones-mh/scripts/backup_db.sh", "Shell Script", 0, 0, 0, 0, 0, 0, 0, 0, 0, 0, 0, 0, 0, 0, 0, 0, 0, 0, 0, 0, 0, 38, 17, 11, 66
"/home/MictDev/Projects/Capacitaciones-mh/scripts/video_faststart.sh", "Shell Script", 0, 0, 0, 0, 0, 0, 0, 0, 0, 0, 0, 0, 0, 0, 0, 0, 0, 0, 0, 0, 0, 75, 32, 15, 122
"/home/MictDev/Projects/Capacitaciones-mh/services/auth/Dockerfile", "Docker", 18, 0, 0, 0, 0, 0, 0, 0, 0, 0, 0, 0, 0, 0, 0, 0, 0, 0, 0, 0, 0, 0, 3, 10, 31
"/home/MictDev/Projects/Capacitaciones-mh/services/auth/cmd/server/main.go", "Go", 0, 0, 0, 0, 0, 0, 0, 135, 0, 0, 0, 0, 0, 0, 0, 0, 0, 0, 0, 0, 0, 0, 17, 20, 172
"/home/MictDev/Projects/Capacitaciones-mh/services/auth/go.mod", "Go Module File", 0, 26, 0, 0, 0, 0, 0, 0, 0, 0, 0, 0, 0, 0, 0, 0, 0, 0, 0, 0, 0, 0, 0, 6, 32
"/home/MictDev/Projects/Capacitaciones-mh/services/auth/go.sum", "Go Checksum File", 0, 0, 0, 0, 0, 0, 0, 0, 0, 0, 0, 71, 0, 0, 0, 0, 0, 0, 0, 0, 0, 0, 0, 1, 72
"/home/MictDev/Projects/Capacitaciones-mh/services/auth/internal/config/config.go", "Go", 0, 0, 0, 0, 0, 0, 0, 93, 0, 0, 0, 0, 0, 0, 0, 0, 0, 0, 0, 0, 0, 0, 19, 22, 134
"/home/MictDev/Projects/Capacitaciones-mh/services/auth/internal/handler/auth_handler.go", "Go", 0, 0, 0, 0, 0, 0, 0, 140, 0, 0, 0, 0, 0, 0, 0, 0, 0, 0, 0, 0, 0, 0, 14, 20, 174
"/home/MictDev/Projects/Capacitaciones-mh/services/auth/internal/model/user.go", "Go", 0, 0, 0, 0, 0, 0, 0, 19, 0, 0, 0, 0, 0, 0, 0, 0, 0, 0, 0, 0, 0, 0, 4, 4, 27
"/home/MictDev/Projects/Capacitaciones-mh/services/auth/internal/repository/user_repository.go", "Go", 0, 0, 0, 0, 0, 0, 0, 129, 0, 0, 0, 0, 0, 0, 0, 0, 0, 0, 0, 0, 0, 0, 19, 23, 171
"/home/MictDev/Projects/Capacitaciones-mh/services/auth/internal/service/auth_service.go", "Go", 0, 0, 0, 0, 0, 0, 0, 382, 0, 0, 0, 0, 0, 0, 0, 0, 0, 0, 0, 0, 0, 0, 64, 70, 516
"/home/MictDev/Projects/Capacitaciones-mh/services/cursos/Dockerfile", "Docker", 18, 0, 0, 0, 0, 0, 0, 0, 0, 0, 0, 0, 0, 0, 0, 0, 0, 0, 0, 0, 0, 0, 2, 6, 26
"/home/MictDev/Projects/Capacitaciones-mh/services/cursos/cmd/server/main.go", "Go", 0, 0, 0, 0, 0, 0, 0, 266, 0, 0, 0, 0, 0, 0, 0, 0, 0, 0, 0, 0, 0, 0, 66, 21, 353
"/home/MictDev/Projects/Capacitaciones-mh/services/cursos/go.mod", "Go Module File", 0, 25, 0, 0, 0, 0, 0, 0, 0, 0, 0, 0, 0, 0, 0, 0, 0, 0, 0, 0, 0, 0, 0, 6, 31
"/home/MictDev/Projects/Capacitaciones-mh/services/cursos/go.sum", "Go Checksum File", 0, 0, 0, 0, 0, 0, 0, 0, 0, 0, 0, 69, 0, 0, 0, 0, 0, 0, 0, 0, 0, 0, 0, 1, 70
"/home/MictDev/Projects/Capacitaciones-mh/services/cursos/internal/handler/cursos_handler.go", "Go", 0, 0, 0, 0, 0, 0, 0, 318, 0, 0, 0, 0, 0, 0, 0, 0, 0, 0, 0, 0, 0, 0, 21, 53, 392
"/home/MictDev/Projects/Capacitaciones-mh/services/cursos/internal/handler/dc3_handler.go", "Go", 0, 0, 0, 0, 0, 0, 0, 69, 0, 0, 0, 0, 0, 0, 0, 0, 0, 0, 0, 0, 0, 0, 14, 12, 95
"/home/MictDev/Projects/Capacitaciones-mh/services/cursos/internal/handler/suscripciones_handler.go", "Go", 0, 0, 0, 0, 0, 0, 0, 94, 0, 0, 0, 0, 0, 0, 0, 0, 0, 0, 0, 0, 0, 0, 4, 14, 112
"/home/MictDev/Projects/Capacitaciones-mh/services/cursos/internal/repository/cursos_repository.go", "Go", 0, 0, 0, 0, 0, 0, 0, 716, 0, 0, 0, 0, 0, 0, 0, 0, 0, 0, 0, 0, 0, 0, 66, 89, 871
"/home/MictDev/Projects/Capacitaciones-mh/services/cursos/internal/repository/dc3_repository.go", "Go", 0, 0, 0, 0, 0, 0, 0, 245, 0, 0, 0, 0, 0, 0, 0, 0, 0, 0, 0, 0, 0, 0, 71, 24, 340
"/home/MictDev/Projects/Capacitaciones-mh/services/cursos/internal/repository/ordenes_repository.go", "Go", 0, 0, 0, 0, 0, 0, 0, 219, 0, 0, 0, 0, 0, 0, 0, 0, 0, 0, 0, 0, 0, 0, 52, 30, 301
"/home/MictDev/Projects/Capacitaciones-mh/services/cursos/internal/repository/suscripciones_repository.go", "Go", 0, 0, 0, 0, 0, 0, 0, 385, 0, 0, 0, 0, 0, 0, 0, 0, 0, 0, 0, 0, 0, 0, 64, 50, 499
"/home/MictDev/Projects/Capacitaciones-mh/services/cursos/internal/service/cursos_service.go", "Go", 0, 0, 0, 0, 0, 0, 0, 818, 0, 0, 0, 0, 0, 0, 0, 0, 0, 0, 0, 0, 0, 0, 89, 109, 1016
"/home/MictDev/Projects/Capacitaciones-mh/services/cursos/internal/service/dc3_service.go", "Go", 0, 0, 0, 0, 0, 0, 0, 219, 0, 0, 0, 0, 0, 0, 0, 0, 0, 0, 0, 0, 0, 0, 95, 31, 345
"/home/MictDev/Projects/Capacitaciones-mh/services/cursos/internal/service/metodos_pago.go", "Go", 0, 0, 0, 0, 0, 0, 0, 56, 0, 0, 0, 0, 0, 0, 0, 0, 0, 0, 0, 0, 0, 0, 29, 13, 98
"/home/MictDev/Projects/Capacitaciones-mh/services/cursos/internal/service/suscripciones_service.go", "Go", 0, 0, 0, 0, 0, 0, 0, 261, 0, 0, 0, 0, 0, 0, 0, 0, 0, 0, 0, 0, 0, 0, 34, 29, 324
"/home/MictDev/Projects/Capacitaciones-mh/services/examenes/Dockerfile", "Docker", 16, 0, 0, 0, 0, 0, 0, 0, 0, 0, 0, 0, 0, 0, 0, 0, 0, 0, 0, 0, 0, 0, 0, 6, 22
"/home/MictDev/Projects/Capacitaciones-mh/services/examenes/cmd/server/main.go", "Go", 0, 0, 0, 0, 0, 0, 0, 107, 0, 0, 0, 0, 0, 0, 0, 0, 0, 0, 0, 0, 0, 0, 2, 12, 121
"/home/MictDev/Projects/Capacitaciones-mh/services/examenes/go.mod", "Go Module File", 0, 21, 0, 0, 0, 0, 0, 0, 0, 0, 0, 0, 0, 0, 0, 0, 0, 0, 0, 0, 0, 0, 0, 5, 26
"/home/MictDev/Projects/Capacitaciones-mh/services/examenes/go.sum", "Go Checksum File", 0, 0, 0, 0, 0, 0, 0, 0, 0, 0, 0, 67, 0, 0, 0, 0, 0, 0, 0, 0, 0, 0, 0, 1, 68
"/home/MictDev/Projects/Capacitaciones-mh/services/examenes/internal/handler/examenes_handler.go", "Go", 0, 0, 0, 0, 0, 0, 0, 105, 0, 0, 0, 0, 0, 0, 0, 0, 0, 0, 0, 0, 0, 0, 3, 21, 129
"/home/MictDev/Projects/Capacitaciones-mh/services/examenes/internal/repository/examenes_repository.go", "Go", 0, 0, 0, 0, 0, 0, 0, 284, 0, 0, 0, 0, 0, 0, 0, 0, 0, 0, 0, 0, 0, 0, 7, 36, 327
"/home/MictDev/Projects/Capacitaciones-mh/services/examenes/internal/service/examenes_service.go", "Go", 0, 0, 0, 0, 0, 0, 0, 136, 0, 0, 0, 0, 0, 0, 0, 0, 0, 0, 0, 0, 0, 0, 4, 20, 160
"/home/MictDev/Projects/Capacitaciones-mh/services/foros/Dockerfile", "Docker", 16, 0, 0, 0, 0, 0, 0, 0, 0, 0, 0, 0, 0, 0, 0, 0, 0, 0, 0, 0, 0, 0, 0, 6, 22
"/home/MictDev/Projects/Capacitaciones-mh/services/foros/cmd/server/main.go", "Go", 0, 0, 0, 0, 0, 0, 0, 121, 0, 0, 0, 0, 0, 0, 0, 0, 0, 0, 0, 0, 0, 0, 7, 12, 140
"/home/MictDev/Projects/Capacitaciones-mh/services/foros/go.mod", "Go Module File", 0, 21, 0, 0, 0, 0, 0, 0, 0, 0, 0, 0, 0, 0, 0, 0, 0, 0, 0, 0, 0, 0, 0, 5, 26
"/home/MictDev/Projects/Capacitaciones-mh/services/foros/go.sum", "Go Checksum File", 0, 0, 0, 0, 0, 0, 0, 0, 0, 0, 0, 67, 0, 0, 0, 0, 0, 0, 0, 0, 0, 0, 0, 1, 68
"/home/MictDev/Projects/Capacitaciones-mh/services/foros/internal/handler/foros_handler.go", "Go", 0, 0, 0, 0, 0, 0, 0, 79, 0, 0, 0, 0, 0, 0, 0, 0, 0, 0, 0, 0, 0, 0, 1, 14, 94
"/home/MictDev/Projects/Capacitaciones-mh/services/foros/internal/repository/foros_repository.go", "Go", 0, 0, 0, 0, 0, 0, 0, 275, 0, 0, 0, 0, 0, 0, 0, 0, 0, 0, 0, 0, 0, 0, 10, 26, 311
"/home/MictDev/Projects/Capacitaciones-mh/services/foros/internal/service/foros_service.go", "Go", 0, 0, 0, 0, 0, 0, 0, 57, 0, 0, 0, 0, 0, 0, 0, 0, 0, 0, 0, 0, 0, 0, 0, 12, 69
"/home/MictDev/Projects/Capacitaciones-mh/services/lecciones/Dockerfile", "Docker", 16, 0, 0, 0, 0, 0, 0, 0, 0, 0, 0, 0, 0, 0, 0, 0, 0, 0, 0, 0, 0, 0, 0, 6, 22
"/home/MictDev/Projects/Capacitaciones-mh/services/lecciones/cmd/server/main.go", "Go", 0, 0, 0, 0, 0, 0, 0, 198, 0, 0, 0, 0, 0, 0, 0, 0, 0, 0, 0, 0, 0, 0, 16, 27, 241
"/home/MictDev/Projects/Capacitaciones-mh/services/lecciones/go.mod", "Go Module File", 0, 21, 0, 0, 0, 0, 0, 0, 0, 0, 0, 0, 0, 0, 0, 0, 0, 0, 0, 0, 0, 0, 0, 5, 26
"/home/MictDev/Projects/Capacitaciones-mh/services/lecciones/go.sum", "Go Checksum File", 0, 0, 0, 0, 0, 0, 0, 0, 0, 0, 0, 67, 0, 0, 0, 0, 0, 0, 0, 0, 0, 0, 0, 1, 68
"/home/MictDev/Projects/Capacitaciones-mh/services/lecciones/internal/badges/badges.go", "Go", 0, 0, 0, 0, 0, 0, 0, 169, 0, 0, 0, 0, 0, 0, 0, 0, 0, 0, 0, 0, 0, 0, 28, 23, 220
"/home/MictDev/Projects/Capacitaciones-mh/services/lecciones/internal/gameschemas/schemas.go", "Go", 0, 0, 0, 0, 0, 0, 0, 49, 0, 0, 0, 0, 0, 0, 0, 0, 0, 0, 0, 0, 0, 0, 127, 11, 187
"/home/MictDev/Projects/Capacitaciones-mh/services/lecciones/internal/handler/lecciones_handler.go", "Go", 0, 0, 0, 0, 0, 0, 0, 228, 0, 0, 0, 0, 0, 0, 0, 0, 0, 0, 0, 0, 0, 0, 10, 43, 281
"/home/MictDev/Projects/Capacitaciones-mh/services/lecciones/internal/repository/curso_tree.go", "Go", 0, 0, 0, 0, 0, 0, 0, 66, 0, 0, 0, 0, 0, 0, 0, 0, 0, 0, 0, 0, 0, 0, 14, 16, 96
"/home/MictDev/Projects/Capacitaciones-mh/services/lecciones/internal/repository/lecciones_repository.go", "Go", 0, 0, 0, 0, 0, 0, 0, 776, 0, 0, 0, 0, 0, 0, 0, 0, 0, 0, 0, 0, 0, 0, 53, 91, 920
"/home/MictDev/Projects/Capacitaciones-mh/services/lecciones/internal/service/lecciones_service.go", "Go", 0, 0, 0, 0, 0, 0, 0, 315, 0, 0, 0, 0, 0, 0, 0, 0, 0, 0, 0, 0, 0, 0, 40, 60, 415
"/home/MictDev/Projects/Capacitaciones-mh/services/lecciones/internal/service/progresion.go", "Go", 0, 0, 0, 0, 0, 0, 0, 56, 0, 0, 0, 0, 0, 0, 0, 0, 0, 0, 0, 0, 0, 0, 30, 11, 97
"/home/MictDev/Projects/Capacitaciones-mh/services/lecciones/internal/service/progresion_test.go", "Go", 0, 0, 0, 0, 0, 0, 0, 121, 0, 0, 0, 0, 0, 0, 0, 0, 0, 0, 0, 0, 0, 0, 14, 16, 151
"/home/MictDev/Projects/Capacitaciones-mh/services/mensajes/Dockerfile", "Docker", 16, 0, 0, 0, 0, 0, 0, 0, 0, 0, 0, 0, 0, 0, 0, 0, 0, 0, 0, 0, 0, 0, 0, 6, 22
"/home/MictDev/Projects/Capacitaciones-mh/services/mensajes/cmd/server/main.go", "Go", 0, 0, 0, 0, 0, 0, 0, 105, 0, 0, 0, 0, 0, 0, 0, 0, 0, 0, 0, 0, 0, 0, 4, 12, 121
"/home/MictDev/Projects/Capacitaciones-mh/services/mensajes/go.mod", "Go Module File", 0, 21, 0, 0, 0, 0, 0, 0, 0, 0, 0, 0, 0, 0, 0, 0, 0, 0, 0, 0, 0, 0, 0, 5, 26
"/home/MictDev/Projects/Capacitaciones-mh/services/mensajes/go.sum", "Go Checksum File", 0, 0, 0, 0, 0, 0, 0, 0, 0, 0, 0, 67, 0, 0, 0, 0, 0, 0, 0, 0, 0, 0, 0, 1, 68
"/home/MictDev/Projects/Capacitaciones-mh/services/mensajes/internal/handler/mensajes_handler.go", "Go", 0, 0, 0, 0, 0, 0, 0, 81, 0, 0, 0, 0, 0, 0, 0, 0, 0, 0, 0, 0, 0, 0, 0, 17, 98
"/home/MictDev/Projects/Capacitaciones-mh/services/mensajes/internal/repository/contactos.go", "Go", 0, 0, 0, 0, 0, 0, 0, 82, 0, 0, 0, 0, 0, 0, 0, 0, 0, 0, 0, 0, 0, 0, 41, 16, 139
"/home/MictDev/Projects/Capacitaciones-mh/services/mensajes/internal/repository/mensajes_repository.go", "Go", 0, 0, 0, 0, 0, 0, 0, 237, 0, 0, 0, 0, 0, 0, 0, 0, 0, 0, 0, 0, 0, 0, 6, 28, 271
"/home/MictDev/Projects/Capacitaciones-mh/services/mensajes/internal/service/mensajes_service.go", "Go", 0, 0, 0, 0, 0, 0, 0, 229, 0, 0, 0, 0, 0, 0, 0, 0, 0, 0, 0, 0, 0, 0, 26, 31, 286
"/home/MictDev/Projects/Capacitaciones-mh/services/usuarios/Dockerfile", "Docker", 16, 0, 0, 0, 0, 0, 0, 0, 0, 0, 0, 0, 0, 0, 0, 0, 0, 0, 0, 0, 0, 0, 0, 6, 22
"/home/MictDev/Projects/Capacitaciones-mh/services/usuarios/cmd/server/main.go", "Go", 0, 0, 0, 0, 0, 0, 0, 96, 0, 0, 0, 0, 0, 0, 0, 0, 0, 0, 0, 0, 0, 0, 3, 13, 112
"/home/MictDev/Projects/Capacitaciones-mh/services/usuarios/go.mod", "Go Module File", 0, 21, 0, 0, 0, 0, 0, 0, 0, 0, 0, 0, 0, 0, 0, 0, 0, 0, 0, 0, 0, 0, 0, 5, 26
"/home/MictDev/Projects/Capacitaciones-mh/services/usuarios/go.sum", "Go Checksum File", 0, 0, 0, 0, 0, 0, 0, 0, 0, 0, 0, 67, 0, 0, 0, 0, 0, 0, 0, 0, 0, 0, 0, 1, 68
"/home/MictDev/Projects/Capacitaciones-mh/services/usuarios/internal/handler/usuarios_handler.go", "Go", 0, 0, 0, 0, 0, 0, 0, 114, 0, 0, 0, 0, 0, 0, 0, 0, 0, 0, 0, 0, 0, 0, 8, 18, 140
"/home/MictDev/Projects/Capacitaciones-mh/services/usuarios/internal/repository/usuario_repository.go", "Go", 0, 0, 0, 0, 0, 0, 0, 235, 0, 0, 0, 0, 0, 0, 0, 0, 0, 0, 0, 0, 0, 0, 26, 29, 290
"/home/MictDev/Projects/Capacitaciones-mh/services/usuarios/internal/service/usuarios_service.go", "Go", 0, 0, 0, 0, 0, 0, 0, 120, 0, 0, 0, 0, 0, 0, 0, 0, 0, 0, 0, 0, 0, 0, 16, 21, 157
"/home/MictDev/Projects/Capacitaciones-mh/write_clean.py", "Python", 0, 0, 790, 0, 0, 0, 0, 0, 0, 0, 0, 0, 0, 0, 0, 0, 0, 0, 0, 0, 0, 0, 0, 6, 796
"Total", "-", 197, 304, 818, 364, 74, 16, 384, 40130, 71, 243, 11, 832, 31, 8173, 9, 16, 2851, 29892, 11, 1, 1017, 113, 5391, 9726, 100675