"filename", "language", "YAML", "Go Work File", "Docker", "Makefile", "Go", "Properties", "Go Module File", "Go Checksum File", "JavaScript", "Markdown", "PostCSS", "vue", "TypeScript", "comment", "blank", "total"
"/home/MictDev/Projects/Capacitaciones-mh/Makefile", "Makefile", 0, 0, 0, 9, 0, 0, 0, 0, 0, 0, 0, 0, 0, 2, 1, 12
"/home/MictDev/Projects/Capacitaciones-mh/docker-compose.yml", "YAML", 102, 0, 0, 0, 0, 0, 0, 0, 0, 0, 0, 0, 0, 64, 7, 173
"/home/MictDev/Projects/Capacitaciones-mh/frontend/RESPONSIVE.md", "Markdown", 0, 0, 0, 0, 0, 0, 0, 0, 0, 151, 0, 0, 0, 0, 27, 178
"/home/MictDev/Projects/Capacitaciones-mh/frontend/src/App.vue", "vue", 0, 0, 0, 0, 0, 0, 0, 0, 0, 0, 0, 2, 0, 2, 0, 4
"/home/MictDev/Projects/Capacitaciones-mh/frontend/src/assets/main.css", "PostCSS", 0, 0, 0, 0, 0, 0, 0, 0, 0, 0, 105, 0, 0, 136, 21, 262
"/home/MictDev/Projects/Capacitaciones-mh/frontend/src/components/AppSidebar.vue", "vue", 0, 0, 0, 0, 0, 0, 0, 0, 0, 0, 0, 6, 0, 0, 0, 6
"/home/MictDev/Projects/Capacitaciones-mh/frontend/src/components/CartDrawer.vue", "vue", 0, 0, 0, 0, 0, 0, 0, 0, 0, 0, 0, 1, 0, 0, 1, 2
"/home/MictDev/Projects/Capacitaciones-mh/frontend/src/components/CourseEditorDrawer.vue", "vue", 0, 0, 0, 0, 0, 0, 0, 0, 0, 0, 0, 126, 0, 17, 11, 154
"/home/MictDev/Projects/Capacitaciones-mh/frontend/src/components/CourseWizardModal.vue", "vue", 0, 0, 0, 0, 0, 0, 0, 0, 0, 0, 0, 3, 0, 0, 0, 3
"/home/MictDev/Projects/Capacitaciones-mh/frontend/src/components/CreateGroupModal.vue", "vue", 0, 0, 0, 0, 0, 0, 0, 0, 0, 0, 0, 5, 0, 0, 1, 6
"/home/MictDev/Projects/Capacitaciones-mh/frontend/src/components/DC3EmpresaInstructor.vue", "vue", 0, 0, 0, 0, 0, 0, 0, 0, 0, 0, 0, 236, 0, 11, 33, 280
"/home/MictDev/Projects/Capacitaciones-mh/frontend/src/components/DC3Modal.vue", "vue", 0, 0, 0, 0, 0, 0, 0, 0, 0, 0, 0, 121, 0, 9, 16, 146
"/home/MictDev/Projects/Capacitaciones-mh/frontend/src/components/DC3Panel.test.ts", "TypeScript", 0, 0, 0, 0, 0, 0, 0, 0, 0, 0, 0, 0, 73, 24, 20, 117
"/home/MictDev/Projects/Capacitaciones-mh/frontend/src/components/DC3Panel.vue", "vue", 0, 0, 0, 0, 0, 0, 0, 0, 0, 0, 0, 402, 0, 35, 41, 478
"/home/MictDev/Projects/Capacitaciones-mh/frontend/src/components/LlamadaTimbrando.vue", "vue", 0, 0, 0, 0, 0, 0, 0, 0, 0, 0, 0, 210, 0, 0, 25, 235
"/home/MictDev/Projects/Capacitaciones-mh/frontend/src/components/NotificationBell.vue", "vue", 0, 0, 0, 0, 0, 0, 0, 0, 0, 0, 0, 57, 0, 5, 13, 75
"/home/MictDev/Projects/Capacitaciones-mh/frontend/src/components/SearchUserModal.vue", "vue", 0, 0, 0, 0, 0, 0, 0, 0, 0, 0, 0, 5, 0, 0, 1, 6
"/home/MictDev/Projects/Capacitaciones-mh/frontend/src/components/VideoCallModal.vue", "vue", 0, 0, 0, 0, 0, 0, 0, 0, 0, 0, 0, 59, 0, 0, 0, 59
"/home/MictDev/Projects/Capacitaciones-mh/frontend/src/components/VideoPlayer.vue", "vue", 0, 0, 0, 0, 0, 0, 0, 0, 0, 0, 0, 38, 0, 0, 1, 39
"/home/MictDev/Projects/Capacitaciones-mh/frontend/src/composables/notificaciones.test.ts", "TypeScript", 0, 0, 0, 0, 0, 0, 0, 0, 0, 0, 0, 0, 89, 12, 17, 118
"/home/MictDev/Projects/Capacitaciones-mh/frontend/src/composables/notificaciones.ts", "TypeScript", 0, 0, 0, 0, 0, 0, 0, 0, 0, 0, 0, 0, 39, 42, 12, 93
"/home/MictDev/Projects/Capacitaciones-mh/frontend/src/composables/useLlamadas.test.ts", "TypeScript", 0, 0, 0, 0, 0, 0, 0, 0, 0, 0, 0, 0, 170, 4, 28, 202
"/home/MictDev/Projects/Capacitaciones-mh/frontend/src/composables/useLlamadas.ts", "TypeScript", 0, 0, 0, 0, 0, 0, 0, 0, 0, 0, 0, 0, 156, 38, 29, 223
"/home/MictDev/Projects/Capacitaciones-mh/frontend/src/composables/useScrollLock.test.ts", "TypeScript", 0, 0, 0, 0, 0, 0, 0, 0, 0, 0, 0, 0, 75, 30, 20, 125
"/home/MictDev/Projects/Capacitaciones-mh/frontend/src/composables/useScrollLock.ts", "TypeScript", 0, 0, 0, 0, 0, 0, 0, 0, 0, 0, 0, 0, 16, 13, 6, 35
"/home/MictDev/Projects/Capacitaciones-mh/frontend/src/composables/useTheme.ts", "TypeScript", 0, 0, 0, 0, 0, 0, 0, 0, 0, 0, 0, 0, 13, 13, 2, 28
"/home/MictDev/Projects/Capacitaciones-mh/frontend/src/router/index.ts", "TypeScript", 0, 0, 0, 0, 0, 0, 0, 0, 0, 0, 0, 0, 3, 3, 0, 6
"/home/MictDev/Projects/Capacitaciones-mh/frontend/src/stores/dc3.ts", "TypeScript", 0, 0, 0, 0, 0, 0, 0, 0, 0, 0, 0, 0, 17, 18, 5, 40
"/home/MictDev/Projects/Capacitaciones-mh/frontend/src/utils/dc3.test.ts", "TypeScript", 0, 0, 0, 0, 0, 0, 0, 0, 0, 0, 0, 0, 71, 20, 12, 103
"/home/MictDev/Projects/Capacitaciones-mh/frontend/src/utils/dc3.ts", "TypeScript", 0, 0, 0, 0, 0, 0, 0, 0, 0, 0, 0, 0, 74, 55, 9, 138
"/home/MictDev/Projects/Capacitaciones-mh/frontend/src/views/CheckoutSuccessView.vue", "vue", 0, 0, 0, 0, 0, 0, 0, 0, 0, 0, 0, 26, 0, 1, 1, 28
"/home/MictDev/Projects/Capacitaciones-mh/frontend/src/views/CursoPublicView.vue", "vue", 0, 0, 0, 0, 0, 0, 0, 0, 0, 0, 0, 31, 0, 0, 5, 36
"/home/MictDev/Projects/Capacitaciones-mh/frontend/src/views/LoginView.vue", "vue", 0, 0, 0, 0, 0, 0, 0, 0, 0, 0, 0, 15, 0, 0, 0, 15
"/home/MictDev/Projects/Capacitaciones-mh/frontend/src/views/admin/AdminLayout.vue", "vue", 0, 0, 0, 0, 0, 0, 0, 0, 0, 0, 0, 3, 0, 0, 0, 3
"/home/MictDev/Projects/Capacitaciones-mh/frontend/src/views/instructor/EntregasView.vue", "vue", 0, 0, 0, 0, 0, 0, 0, 0, 0, 0, 0, -3, 0, 0, -2, -5
"/home/MictDev/Projects/Capacitaciones-mh/frontend/src/views/instructor/EstudiantesView.vue", "vue", 0, 0, 0, 0, 0, 0, 0, 0, 0, 0, 0, 13, 0, 0, 0, 13
"/home/MictDev/Projects/Capacitaciones-mh/frontend/src/views/instructor/ExamenesInstructor.vue", "vue", 0, 0, 0, 0, 0, 0, 0, 0, 0, 0, 0, 4, 0, 0, 0, 4
"/home/MictDev/Projects/Capacitaciones-mh/frontend/src/views/instructor/InstructorDashboard.vue", "vue", 0, 0, 0, 0, 0, 0, 0, 0, 0, 0, 0, 1, 0, 0, 0, 1
"/home/MictDev/Projects/Capacitaciones-mh/frontend/src/views/instructor/InstructorLayout.vue", "vue", 0, 0, 0, 0, 0, 0, 0, 0, 0, 0, 0, 3, 0, 0, 0, 3
"/home/MictDev/Projects/Capacitaciones-mh/frontend/src/views/instructor/InstructorPerfilView.vue", "vue", 0, 0, 0, 0, 0, 0, 0, 0, 0, 0, 0, 2, 0, 5, 1, 8
"/home/MictDev/Projects/Capacitaciones-mh/frontend/src/views/shared/MensajesView.vue", "vue", 0, 0, 0, 0, 0, 0, 0, 0, 0, 0, 0, 26, 0, 7, 1, 34
"/home/MictDev/Projects/Capacitaciones-mh/frontend/src/views/shared/StoreView.vue", "vue", 0, 0, 0, 0, 0, 0, 0, 0, 0, 0, 0, 33, 0, 0, -2, 31
"/home/MictDev/Projects/Capacitaciones-mh/frontend/src/views/shared/VerificarConstancia.vue", "vue", 0, 0, 0, 0, 0, 0, 0, 0, 0, 0, 0, 239, 0, 7, 34, 280
"/home/MictDev/Projects/Capacitaciones-mh/frontend/src/views/user/MisCapacitaciones.vue", "vue", 0, 0, 0, 0, 0, 0, 0, 0, 0, 0, 0, -5, 0, 0, -3, -8
"/home/MictDev/Projects/Capacitaciones-mh/frontend/src/views/user/MisConstancias.vue", "vue", 0, 0, 0, 0, 0, 0, 0, 0, 0, 0, 0, 173, 0, 1, 24, 198
"/home/MictDev/Projects/Capacitaciones-mh/frontend/src/views/user/MisExamenes.vue", "vue", 0, 0, 0, 0, 0, 0, 0, 0, 0, 0, 0, 10, 0, 0, 0, 10
"/home/MictDev/Projects/Capacitaciones-mh/frontend/src/views/user/MisLicencias.vue", "vue", 0, 0, 0, 0, 0, 0, 0, 0, 0, 0, 0, 224, 0, 6, 52, 282
"/home/MictDev/Projects/Capacitaciones-mh/frontend/src/views/user/PerfilView.vue", "vue", 0, 0, 0, 0, 0, 0, 0, 0, 0, 0, 0, -64, 0, -1, -2, -67
"/home/MictDev/Projects/Capacitaciones-mh/frontend/src/views/user/ResponderExamen.vue", "vue", 0, 0, 0, 0, 0, 0, 0, 0, 0, 0, 0, 9, 0, 2, 0, 11
"/home/MictDev/Projects/Capacitaciones-mh/frontend/src/views/user/UserLayout.vue", "vue", 0, 0, 0, 0, 0, 0, 0, 0, 0, 0, 0, 30, 0, 6, 4, 40
"/home/MictDev/Projects/Capacitaciones-mh/frontend/src/views/user/VerCapacitacion.vue", "vue", 0, 0, 0, 0, 0, 0, 0, 0, 0, 0, 0, 25, 0, 10, 2, 37
"/home/MictDev/Projects/Capacitaciones-mh/frontend/tailwind.config.js", "JavaScript", 0, 0, 0, 0, 0, 0, 0, 0, 8, 0, 0, 0, 0, 22, 0, 30
"/home/MictDev/Projects/Capacitaciones-mh/gateway/Dockerfile", "Docker", 0, 0, 2, 0, 0, 0, 0, 0, 0, 0, 0, 0, 0, 5, 0, 7
"/home/MictDev/Projects/Capacitaciones-mh/gateway/cmd/server/main.go", "Go", 0, 0, 0, 0, 6, 0, 0, 0, 0, 0, 0, 0, 0, 5, 2, 13
"/home/MictDev/Projects/Capacitaciones-mh/gateway/go.mod", "Go Module File", 0, 0, 0, 0, 0, 0, 4, 0, 0, 0, 0, 0, 0, 0, 1, 5
"/home/MictDev/Projects/Capacitaciones-mh/gateway/go.sum", "Go Checksum File", 0, 0, 0, 0, 0, 0, 0, 5, 0, 0, 0, 0, 0, 0, 0, 5
"/home/MictDev/Projects/Capacitaciones-mh/gateway/internal/config/config.go", "Go", 0, 0, 0, 0, 19, 0, 0, 0, 0, 0, 0, 0, 0, 13, 3, 35
"/home/MictDev/Projects/Capacitaciones-mh/gateway/internal/handler/compras.go", "Go", 0, 0, 0, 0, 48, 0, 0, 0, 0, 0, 0, 0, 0, 20, 9, 77
"/home/MictDev/Projects/Capacitaciones-mh/gateway/internal/handler/cursos.go", "Go", 0, 0, 0, 0, 136, 0, 0, 0, 0, 0, 0, 0, 0, 78, 10, 224
"/home/MictDev/Projects/Capacitaciones-mh/gateway/internal/handler/dc3.go", "Go", 0, 0, 0, 0, 330, 0, 0, 0, 0, 0, 0, 0, 0, 138, 45, 513
"/home/MictDev/Projects/Capacitaciones-mh/gateway/internal/handler/diagnostic.go", "Go", 0, 0, 0, 0, 47, 0, 0, 0, 0, 0, 0, 0, 0, 16, 6, 69
"/home/MictDev/Projects/Capacitaciones-mh/gateway/internal/handler/email.go", "Go", 0, 0, 0, 0, -38, 0, 0, 0, 0, 0, 0, 0, 0, -11, -12, -61
"/home/MictDev/Projects/Capacitaciones-mh/gateway/internal/handler/foros.go", "Go", 0, 0, 0, 0, 34, 0, 0, 0, 0, 0, 0, 0, 0, 9, 6, 49
"/home/MictDev/Projects/Capacitaciones-mh/gateway/internal/handler/lecciones.go", "Go", 0, 0, 0, 0, -14, 0, 0, 0, 0, 0, 0, 0, 0, 8, -2, -8
"/home/MictDev/Projects/Capacitaciones-mh/gateway/internal/handler/llamadas.go", "Go", 0, 0, 0, 0, 176, 0, 0, 0, 0, 0, 0, 0, 0, 56, 27, 259
"/home/MictDev/Projects/Capacitaciones-mh/gateway/internal/handler/mensajes.go", "Go", 0, 0, 0, 0, 23, 0, 0, 0, 0, 0, 0, 0, 0, 12, 1, 36
"/home/MictDev/Projects/Capacitaciones-mh/gateway/internal/handler/notificar.go", "Go", 0, 0, 0, 0, 73, 0, 0, 0, 0, 0, 0, 0, 0, 38, 12, 123
"/home/MictDev/Projects/Capacitaciones-mh/gateway/internal/handler/presign.go", "Go", 0, 0, 0, 0, 1, 0, 0, 0, 0, 0, 0, 0, 0, 4, 0, 5
"/home/MictDev/Projects/Capacitaciones-mh/gateway/internal/handler/suscripciones.go", "Go", 0, 0, 0, 0, 18, 0, 0, 0, 0, 0, 0, 0, 0, 14, 2, 34
"/home/MictDev/Projects/Capacitaciones-mh/gateway/internal/handler/usuarios.go", "Go", 0, 0, 0, 0, -10, 0, 0, 0, 0, 0, 0, 0, 0, -1, -1, -12
"/home/MictDev/Projects/Capacitaciones-mh/gateway/internal/handler/ws.go", "Go", 0, 0, 0, 0, 29, 0, 0, 0, 0, 0, 0, 0, 0, 16, 5, 50
"/home/MictDev/Projects/Capacitaciones-mh/gateway/internal/hub/hub.go", "Go", 0, 0, 0, 0, 6, 0, 0, 0, 0, 0, 0, 0, 0, 5, 1, 12
"/home/MictDev/Projects/Capacitaciones-mh/gateway/internal/hub/llamadas.go", "Go", 0, 0, 0, 0, 376, 0, 0, 0, 0, 0, 0, 0, 0, 102, 47, 525
"/home/MictDev/Projects/Capacitaciones-mh/gateway/internal/hub/llamadas_test.go", "Go", 0, 0, 0, 0, 368, 0, 0, 0, 0, 0, 0, 0, 0, 19, 66, 453
"/home/MictDev/Projects/Capacitaciones-mh/gateway/internal/pdf/gotenberg.go", "Go", 0, 0, 0, 0, 68, 0, 0, 0, 0, 0, 0, 0, 0, 47, 13, 128
"/home/MictDev/Projects/Capacitaciones-mh/gateway/internal/router/router.go", "Go", 0, 0, 0, 0, 9, 0, 0, 0, 0, 0, 0, 0, 0, 21, 4, 34
"/home/MictDev/Projects/Capacitaciones-mh/gateway/internal/storage/r2.go", "Go", 0, 0, 0, 0, 6, 0, 0, 0, 0, 0, 0, 0, 0, 6, 1, 13
"/home/MictDev/Projects/Capacitaciones-mh/gen/cursos/cursos.pb.go", "Go", 0, 0, 0, 0, 815, 0, 0, 0, 0, 0, 0, 0, 0, 77, 121, 1013
"/home/MictDev/Projects/Capacitaciones-mh/gen/cursos/cursos_grpc.pb.go", "Go", 0, 0, 0, 0, 252, 0, 0, 0, 0, 0, 0, 0, 0, 24, 14, 290
"/home/MictDev/Projects/Capacitaciones-mh/gen/foros/foros.pb.go", "Go", 0, 0, 0, 0, 26, 0, 0, 0, 0, 0, 0, 0, 0, 8, 3, 37
"/home/MictDev/Projects/Capacitaciones-mh/gen/usuarios/usuarios.pb.go", "Go", 0, 0, 0, 0, 126, 0, 0, 0, 0, 0, 0, 0, 0, 10, 20, 156
"/home/MictDev/Projects/Capacitaciones-mh/gen/usuarios/usuarios_grpc.pb.go", "Go", 0, 0, 0, 0, 0, 0, 0, 0, 0, 0, 0, 0, 0, 4, 0, 4
"/home/MictDev/Projects/Capacitaciones-mh/go.work", "Go Work File", 0, 1, 0, 0, 0, 0, 0, 0, 0, 0, 0, 0, 0, 0, 0, 1
"/home/MictDev/Projects/Capacitaciones-mh/gotenberg/Dockerfile", "Docker", 0, 0, 11, 0, 0, 0, 0, 0, 0, 0, 0, 0, 0, 25, 6, 42
"/home/MictDev/Projects/Capacitaciones-mh/gotenberg/fonts-dc3.conf", "Properties", 0, 0, 0, 0, 0, 30, 0, 0, 0, 0, 0, 0, 0, 0, 6, 36
"/home/MictDev/Projects/Capacitaciones-mh/internal/handlers/perfil.go", "Go", 0, 0, 0, 0, -40, 0, 0, 0, 0, 0, 0, 0, 0, 2, -7, -45
"/home/MictDev/Projects/Capacitaciones-mh/main.go", "Go", 0, 0, 0, 0, -1, 0, 0, 0, 0, 0, 0, 0, 0, 2, 0, 1
"/home/MictDev/Projects/Capacitaciones-mh/pkg/dc3/dc3.go", "Go", 0, 0, 0, 0, 203, 0, 0, 0, 0, 0, 0, 0, 0, 97, 36, 336
"/home/MictDev/Projects/Capacitaciones-mh/pkg/dc3/dc3_test.go", "Go", 0, 0, 0, 0, 197, 0, 0, 0, 0, 0, 0, 0, 0, 38, 25, 260
"/home/MictDev/Projects/Capacitaciones-mh/pkg/dc3/go.mod", "Go Module File", 0, 0, 0, 0, 0, 0, 4, 0, 0, 0, 0, 0, 0, 0, 4, 8
"/home/MictDev/Projects/Capacitaciones-mh/pkg/dc3/go.sum", "Go Checksum File", 0, 0, 0, 0, 0, 0, 0, 11, 0, 0, 0, 0, 0, 0, 1, 12
"/home/MictDev/Projects/Capacitaciones-mh/services/cursos/cmd/server/main.go", "Go", 0, 0, 0, 0, 45, 0, 0, 0, 0, 0, 0, 0, 0, 48, 5, 98
"/home/MictDev/Projects/Capacitaciones-mh/services/cursos/go.sum", "Go Checksum File", 0, 0, 0, 0, 0, 0, 0, -6, 0, 0, 0, 0, 0, 0, 0, -6
"/home/MictDev/Projects/Capacitaciones-mh/services/cursos/internal/handler/dc3_handler.go", "Go", 0, 0, 0, 0, 69, 0, 0, 0, 0, 0, 0, 0, 0, 14, 12, 95
"/home/MictDev/Projects/Capacitaciones-mh/services/cursos/internal/repository/cursos_repository.go", "Go", 0, 0, 0, 0, 22, 0, 0, 0, 0, 0, 0, 0, 0, 18, 2, 42
"/home/MictDev/Projects/Capacitaciones-mh/services/cursos/internal/repository/dc3_repository.go", "Go", 0, 0, 0, 0, 241, 0, 0, 0, 0, 0, 0, 0, 0, 69, 24, 334
"/home/MictDev/Projects/Capacitaciones-mh/services/cursos/internal/service/cursos_service.go", "Go", 0, 0, 0, 0, 9, 0, 0, 0, 0, 0, 0, 0, 0, 2, 0, 11
"/home/MictDev/Projects/Capacitaciones-mh/services/cursos/internal/service/dc3_service.go", "Go", 0, 0, 0, 0, 212, 0, 0, 0, 0, 0, 0, 0, 0, 83, 28, 323
"/home/MictDev/Projects/Capacitaciones-mh/services/cursos/internal/service/metodos_pago.go", "Go", 0, 0, 0, 0, 56, 0, 0, 0, 0, 0, 0, 0, 0, 29, 13, 98
"/home/MictDev/Projects/Capacitaciones-mh/services/foros/internal/repository/foros_repository.go", "Go", 0, 0, 0, 0, 13, 0, 0, 0, 0, 0, 0, 0, 0, 5, 1, 19
"/home/MictDev/Projects/Capacitaciones-mh/services/usuarios/internal/handler/usuarios_handler.go", "Go", 0, 0, 0, 0, 6, 0, 0, 0, 0, 0, 0, 0, 0, 3, 0, 9
"/home/MictDev/Projects/Capacitaciones-mh/services/usuarios/internal/repository/usuario_repository.go", "Go", 0, 0, 0, 0, 30, 0, 0, 0, 0, 0, 0, 0, 0, 9, 3, 42
"/home/MictDev/Projects/Capacitaciones-mh/services/usuarios/internal/service/usuarios_service.go", "Go", 0, 0, 0, 0, 25, 0, 0, 0, 0, 0, 0, 0, 0, 13, 3, 41
"Total", "-", 102, 1, 13, 9, 4017, 30, 8, 10, 8, 151, 105, 2066, 796, 1819, 1040, 10175